mtllib MCS.mtl
# vertices
v -64 0 -512
v -64 0 64
v -64 16 64
v -64 16 -512
v 192 16 64
v 192 0 64
v 192 0 -512
v 192 16 -512
v 320 0 -32
v 320 0 64
v 320 96 64
v 320 96 -32
v 336 96 64
v 336 0 64
v 336 0 -32
v 336 96 -32
v 176 0 -32
v 176 0 64
v 176 24 64
v 176 24 -32
v 192 24 64
v 192 0 64
v 192 0 -32
v 192 24 -32
v 192 0 -32
v 192 0 64
v 192 32 64
v 192 32 -32
v 208 32 64
v 208 0 64
v 208 0 -32
v 208 32 -32
v 208 0 -32
v 208 0 64
v 208 40 64
v 208 40 -32
v 224 40 64
v 224 0 64
v 224 0 -32
v 224 40 -32
v 224 0 -32
v 224 0 64
v 224 48 64
v 224 48 -32
v 240 48 64
v 240 0 64
v 240 0 -32
v 240 48 -32
v 240 0 -32
v 240 0 64
v 240 56 64
v 240 56 -32
v 256 56 64
v 256 0 64
v 256 0 -32
v 256 56 -32
v 256 0 -32
v 256 0 64
v 256 64 64
v 256 64 -32
v 272 64 64
v 272 0 64
v 272 0 -32
v 272 64 -32
v 272 0 -32
v 272 0 64
v 272 72 64
v 272 72 -32
v 288 72 64
v 288 0 64
v 288 0 -32
v 288 72 -32
v 288 0 -32
v 288 0 64
v 288 80 64
v 288 80 -32
v 304 80 64
v 304 0 64
v 304 0 -32
v 304 80 -32
v 304 0 -32
v 304 0 64
v 304 88 64
v 304 88 -32
v 320 88 64
v 320 0 64
v 320 0 -32
v 320 88 -32
v -64 0 -528
v -64 0 -512
v -64 592 -512
v -64 592 -528
v 1472 592 -512
v 1472 0 -512
v 1472 0 -528
v 1472 592 -528
v 192 0 -512
v 192 0 -32
v 192 160 -32
v 192 160 -512
v 208 160 -32
v 208 0 -32
v 208 0 -512
v 208 160 -512
v 208 0 -48
v 208 0 -32
v 208 160 -32
v 208 160 -48
v 576 160 -32
v 576 0 -32
v 576 0 -48
v 576 160 -48
v -80 0 -512
v -80 0 -64
v -80 128 -64
v -80 128 -512
v -64 128 -64
v -64 0 -64
v -64 0 -512
v -64 128 -512
v -80 0 48
v -80 0 64
v -80 128 64
v -80 128 48
v -64 128 64
v -64 0 64
v -64 0 48
v -64 128 48
v -80 112 -64
v -80 112 48
v -80 128 48
v -80 128 -64
v -64 128 48
v -64 112 48
v -64 112 -64
v -64 128 -64
v -80 0 -64
v -80 0 48
v -80 16 48
v -80 16 -64
v -64 16 48
v -64 0 48
v -64 0 -64
v -64 16 -64
v 128 160 -512
v 128 160 64
v 128 176 64
v 128 176 -512
v 192 176 64
v 192 160 64
v 192 160 -512
v 192 176 -512
v 432 0 -32
v 432 0 64
v 432 104 64
v 432 104 -32
v 448 104 64
v 448 0 64
v 448 0 -32
v 448 104 -32
v 448 0 -32
v 448 0 64
v 448 112 64
v 448 112 -32
v 464 112 64
v 464 0 64
v 464 0 -32
v 464 112 -32
v 464 0 -32
v 464 0 64
v 464 120 64
v 464 120 -32
v 480 120 64
v 480 0 64
v 480 0 -32
v 480 120 -32
v 480 0 -32
v 480 0 64
v 480 128 64
v 480 128 -32
v 496 128 64
v 496 0 64
v 496 0 -32
v 496 128 -32
v 496 0 -32
v 496 0 64
v 496 136 64
v 496 136 -32
v 512 136 64
v 512 0 64
v 512 0 -32
v 512 136 -32
v 512 0 -32
v 512 0 64
v 512 144 64
v 512 144 -32
v 528 144 64
v 528 0 64
v 528 0 -32
v 528 144 -32
v 528 0 -32
v 528 0 64
v 528 152 64
v 528 152 -32
v 544 152 64
v 544 0 64
v 544 0 -32
v 544 152 -32
v 192 160 -512
v 192 160 -32
v 192 176 -32
v 192 176 -512
v 576 176 -32
v 576 160 -32
v 576 160 -512
v 576 176 -512
v 544 0 -32
v 544 0 64
v 544 160 64
v 544 160 -32
v 560 160 64
v 560 0 64
v 560 0 -32
v 560 160 -32
v 560 0 -32
v 560 0 64
v 560 168 64
v 560 168 -32
v 576 168 64
v 576 0 64
v 576 0 -32
v 576 168 -32
v 576 160 -512
v 576 160 64
v 576 176 64
v 576 176 -512
v 1472 176 64
v 1472 160 64
v 1472 160 -512
v 1472 176 -512
v -8 16 -512
v -8 16 -416
v -8 32 -416
v -8 32 -512
v 0 32 -416
v 0 16 -416
v 0 16 -512
v 0 32 -512
v 0 16 -424
v 0 16 -416
v 0 32 -416
v 0 32 -424
v 160 32 -416
v 160 16 -416
v 160 16 -424
v 160 32 -424
v 336 80 -32
v 336 80 64
v 336 96 64
v 336 96 -32
v 432 96 64
v 432 80 64
v 432 80 -32
v 432 96 -32
v 336 0 48
v 336 0 64
v 336 80 64
v 336 80 48
v 432 80 64
v 432 0 64
v 432 0 48
v 432 80 48
v 192 176 -512
v 192 176 -208
v 192 304 -208
v 192 304 -512
v 208 304 -208
v 208 176 -208
v 208 176 -512
v 208 304 -512
v 720 176 -512
v 720 176 -208
v 720 304 -208
v 720 304 -512
v 736 304 -208
v 736 176 -208
v 736 176 -512
v 736 304 -512
v 192 176 -208
v 192 176 -192
v 192 304 -192
v 192 304 -208
v 304 304 -192
v 304 176 -192
v 304 176 -208
v 304 304 -208
v 304 256 -208
v 304 256 -192
v 304 304 -192
v 304 304 -208
v 416 304 -192
v 416 256 -192
v 416 256 -208
v 416 304 -208
v 296 176 -232
v 296 176 -208
v 296 192 -208
v 296 192 -232
v 304 192 -208
v 304 176 -208
v 304 176 -232
v 304 192 -232
v 304 176 -232
v 304 176 -224
v 304 192 -224
v 304 192 -232
v 416 192 -224
v 416 176 -224
v 416 176 -232
v 416 192 -232
v 416 176 -232
v 416 176 -208
v 416 192 -208
v 416 192 -232
v 424 192 -208
v 424 176 -208
v 424 176 -232
v 424 192 -232
v 624 176 -208
v 624 176 -192
v 624 304 -192
v 624 304 -208
v 736 304 -192
v 736 176 -192
v 736 176 -208
v 736 304 -208
v 416 176 -208
v 416 176 -192
v 416 304 -192
v 416 304 -208
v 512 304 -192
v 512 176 -192
v 512 176 -208
v 512 304 -208
v 512 256 -208
v 512 256 -192
v 512 304 -192
v 512 304 -208
v 624 304 -192
v 624 256 -192
v 624 256 -208
v 624 304 -208
v 512 176 -232
v 512 176 -224
v 512 192 -224
v 512 192 -232
v 624 192 -224
v 624 176 -224
v 624 176 -232
v 624 192 -232
v 504 176 -232
v 504 176 -208
v 504 192 -208
v 504 192 -232
v 512 192 -208
v 512 176 -208
v 512 176 -232
v 512 192 -232
v 624 176 -232
v 624 176 -208
v 624 192 -208
v 624 192 -232
v 632 192 -208
v 632 176 -208
v 632 176 -232
v 632 192 -232
v 448 176 -512
v 448 176 -208
v 448 304 -208
v 448 304 -512
v 480 304 -208
v 480 176 -208
v 480 176 -512
v 480 304 -512
v -80 128 -512
v -80 128 64
v -80 592 64
v -80 592 -512
v -64 592 64
v -64 128 64
v -64 128 -512
v -64 592 -512
v 128 176 -512
v 128 176 64
v 128 200 64
v 128 200 -512
v 136 200 64
v 136 176 64
v 136 176 -512
v 136 200 -512
v -64 304 -512
v -64 304 64
v -64 320 64
v -64 320 -512
v 896 320 64
v 896 304 64
v 896 304 -512
v 896 320 -512
v 896 304 -304
v 896 304 64
v 896 320 64
v 896 320 -304
v 1472 320 64
v 1472 304 64
v 1472 304 -304
v 1472 320 -304
v 928 176 -312
v 928 176 -304
v 928 192 -304
v 928 192 -312
v 1312 192 -304
v 1312 176 -304
v 1312 176 -312
v 1312 192 -312
v 1304 176 -512
v 1304 176 -312
v 1304 192 -312
v 1304 192 -512
v 1312 192 -312
v 1312 176 -312
v 1312 176 -512
v 1312 192 -512
v 896 176 -512
v 896 176 -400
v 896 192 -400
v 896 192 -512
v 912 192 -400
v 912 176 -400
v 912 176 -512
v 912 192 -512
v 896 320 -304
v 896 320 -296
v 896 344 -296
v 896 344 -304
v 1472 344 -296
v 1472 320 -296
v 1472 320 -304
v 1472 344 -304
v 624 320 -208
v 624 320 -192
v 624 448 -192
v 624 448 -208
v 736 448 -192
v 736 320 -192
v 736 320 -208
v 736 448 -208
v 512 400 -208
v 512 400 -192
v 512 448 -192
v 512 448 -208
v 624 448 -192
v 624 400 -192
v 624 400 -208
v 624 448 -208
v 416 320 -208
v 416 320 -192
v 416 448 -192
v 416 448 -208
v 512 448 -192
v 512 320 -192
v 512 320 -208
v 512 448 -208
v 512 320 -232
v 512 320 -224
v 512 336 -224
v 512 336 -232
v 624 336 -224
v 624 320 -224
v 624 320 -232
v 624 336 -232
v 504 320 -232
v 504 320 -208
v 504 336 -208
v 504 336 -232
v 512 336 -208
v 512 320 -208
v 512 320 -232
v 512 336 -232
v 624 320 -232
v 624 320 -208
v 624 336 -208
v 624 336 -232
v 632 336 -208
v 632 320 -208
v 632 320 -232
v 632 336 -232
v 448 320 -512
v 448 320 -208
v 448 448 -208
v 448 448 -512
v 480 448 -208
v 480 320 -208
v 480 320 -512
v 480 448 -512
v 304 320 -232
v 304 320 -224
v 304 336 -224
v 304 336 -232
v 416 336 -224
v 416 320 -224
v 416 320 -232
v 416 336 -232
v 416 320 -232
v 416 320 -208
v 416 336 -208
v 416 336 -232
v 424 336 -208
v 424 320 -208
v 424 320 -232
v 424 336 -232
v 296 320 -232
v 296 320 -208
v 296 336 -208
v 296 336 -232
v 304 336 -208
v 304 320 -208
v 304 320 -232
v 304 336 -232
v 192 320 -512
v 192 320 -208
v 192 448 -208
v 192 448 -512
v 208 448 -208
v 208 320 -208
v 208 320 -512
v 208 448 -512
v 192 320 -208
v 192 320 -192
v 192 448 -192
v 192 448 -208
v 304 448 -192
v 304 320 -192
v 304 320 -208
v 304 448 -208
v 304 400 -208
v 304 400 -192
v 304 448 -192
v 304 448 -208
v 416 448 -192
v 416 400 -192
v 416 400 -208
v 416 448 -208
v 720 320 -512
v 720 320 -208
v 720 448 -208
v 720 448 -512
v 736 448 -208
v 736 320 -208
v 736 320 -512
v 736 448 -512
v -64 320 -216
v -64 320 -208
v -64 336 -208
v -64 336 -216
v 192 336 -208
v 192 320 -208
v 192 320 -216
v 192 336 -216
v -64 448 -512
v -64 448 64
v -64 464 64
v -64 464 -512
v 896 464 64
v 896 448 64
v 896 448 -512
v 896 464 -512
v 896 448 -304
v 896 448 64
v 896 464 64
v 896 464 -304
v 1472 464 64
v 1472 448 64
v 1472 448 -304
v 1472 464 -304
v 896 464 -304
v 896 464 -296
v 896 488 -296
v 896 488 -304
v 1472 488 -296
v 1472 464 -296
v 1472 464 -304
v 1472 488 -304
v 888 464 -408
v 888 464 -296
v 888 488 -296
v 888 488 -408
v 896 488 -296
v 896 464 -296
v 896 464 -408
v 896 488 -408
v 192 464 -512
v 192 464 -160
v 192 592 -160
v 192 592 -512
v 208 592 -160
v 208 464 -160
v 208 464 -512
v 208 592 -512
v -80 592 -512
v -80 592 64
v -80 608 64
v -80 608 -512
v 1472 608 64
v 1472 592 64
v 1472 592 -512
v 1472 608 -512
v 192 464 -16
v 192 464 64
v 192 592 64
v 192 592 -16
v 208 592 64
v 208 464 64
v 208 464 -16
v 208 592 -16
v 192 560 -160
v 192 560 -16
v 192 592 -16
v 192 592 -160
v 208 592 -16
v 208 560 -16
v 208 560 -160
v 208 592 -160
v 696 464 -512
v 696 464 -304
v 696 480 -304
v 696 480 -512
v 704 480 -304
v 704 464 -304
v 704 464 -512
v 704 480 -512
v 376 464 -304
v 376 464 -296
v 376 480 -296
v 376 480 -304
v 704 480 -296
v 704 464 -296
v 704 464 -304
v 704 480 -304
v 376 464 -512
v 376 464 -304
v 376 480 -304
v 376 480 -512
v 384 480 -304
v 384 464 -304
v 384 464 -512
v 384 480 -512
v 480 176 -352
v 480 176 -336
v 480 304 -336
v 480 304 -352
v 720 304 -336
v 720 176 -336
v 720 176 -352
v 720 304 -352
v 480 320 -352
v 480 320 -336
v 480 448 -336
v 480 448 -352
v 720 448 -336
v 720 320 -336
v 720 320 -352
v 720 448 -352
v 208 320 -352
v 208 320 -336
v 208 448 -336
v 208 448 -352
v 448 448 -336
v 448 320 -336
v 448 320 -352
v 448 448 -352
v 208 176 -352
v 208 176 -336
v 208 304 -336
v 208 304 -352
v 448 304 -336
v 448 176 -336
v 448 176 -352
v 448 304 -352
v 184 176 -32
v 184 176 64
v 184 200 64
v 184 200 -32
v 192 200 64
v 192 176 64
v 192 176 -32
v 192 200 -32
v 184 176 -40
v 184 176 -32
v 184 200 -32
v 184 200 -40
v 584 200 -32
v 584 176 -32
v 584 176 -40
v 584 200 -40
v -64 464 -304
v -64 464 -288
v -64 592 -288
v -64 592 -304
v 192 592 -288
v 192 464 -288
v 192 464 -304
v 192 592 -304
v 160 16 -512
v 160 16 -416
v 160 32 -416
v 160 32 -512
v 168 32 -416
v 168 16 -416
v 168 16 -512
v 168 32 -512
v 56 16 -344
v 56 16 -88
v 56 48 -88
v 56 48 -344
v 72 48 -88
v 72 16 -88
v 72 16 -344
v 72 48 -344
v 40 16 -344
v 40 16 -88
v 40 32 -88
v 40 32 -344
v 56 32 -88
v 56 16 -88
v 56 16 -344
v 56 32 -344
v 72 16 -344
v 72 16 -88
v 72 32 -88
v 72 32 -344
v 88 32 -88
v 88 16 -88
v 88 16 -344
v 88 32 -344
v 976 352 -400
v 976 352 -304
v 976 368 -304
v 976 368 -400
v 992 368 -304
v 992 352 -304
v 992 352 -400
v 992 368 -400
v 944 336 -400
v 944 336 -304
v 944 352 -304
v 944 352 -400
v 960 352 -304
v 960 336 -304
v 960 336 -400
v 960 352 -400
v 1096 248 -512
v 1096 248 -312
v 1096 272 -312
v 1096 272 -512
v 1104 272 -312
v 1104 248 -312
v 1104 248 -512
v 1104 272 -512
v 912 448 -408
v 912 448 -400
v 912 472 -400
v 912 472 -408
v 928 472 -400
v 928 448 -400
v 928 448 -408
v 928 472 -408
v 896 440 -512
v 896 440 -400
v 896 456 -400
v 896 456 -512
v 912 456 -400
v 912 440 -400
v 912 440 -512
v 912 456 -512
v 960 280 -408
v 960 280 -400
v 960 304 -400
v 960 304 -408
v 976 304 -400
v 976 280 -400
v 976 280 -408
v 976 304 -408
v 1008 368 -400
v 1008 368 -304
v 1008 384 -304
v 1008 384 -400
v 1024 384 -304
v 1024 368 -304
v 1024 368 -400
v 1024 384 -400
v 960 344 -400
v 960 344 -304
v 960 360 -304
v 960 360 -400
v 976 360 -304
v 976 344 -304
v 976 344 -400
v 976 360 -400
v 992 360 -400
v 992 360 -304
v 992 376 -304
v 992 376 -400
v 1008 376 -304
v 1008 360 -304
v 1008 360 -400
v 1008 376 -400
v 928 328 -400
v 928 328 -304
v 928 344 -304
v 928 344 -400
v 944 344 -304
v 944 328 -304
v 944 328 -400
v 944 344 -400
v 928 440 -408
v 928 440 -400
v 928 464 -400
v 928 464 -408
v 944 464 -400
v 944 440 -400
v 944 440 -408
v 944 464 -408
v 928 296 -408
v 928 296 -400
v 928 320 -400
v 928 320 -408
v 944 320 -400
v 944 296 -400
v 944 296 -408
v 944 320 -408
v 992 264 -408
v 992 264 -400
v 992 288 -400
v 992 288 -408
v 1008 288 -400
v 1008 264 -400
v 1008 264 -408
v 1008 288 -408
v 896 312 -408
v 896 312 -400
v 896 336 -400
v 896 336 -408
v 912 336 -400
v 912 312 -400
v 912 312 -408
v 912 336 -408
v 912 320 -400
v 912 320 -304
v 912 336 -304
v 912 336 -400
v 928 336 -304
v 928 320 -304
v 928 320 -400
v 928 336 -400
v 928 424 -512
v 928 424 -400
v 928 440 -400
v 928 440 -512
v 944 440 -400
v 944 424 -400
v 944 424 -512
v 944 440 -512
v 896 456 -408
v 896 456 -400
v 896 480 -400
v 896 480 -408
v 912 480 -400
v 912 456 -400
v 912 456 -408
v 912 480 -408
v 912 304 -408
v 912 304 -400
v 912 328 -400
v 912 328 -408
v 928 328 -400
v 928 304 -400
v 928 304 -408
v 928 328 -408
v 896 320 -400
v 896 320 -304
v 896 328 -304
v 896 328 -400
v 912 328 -304
v 912 320 -304
v 912 320 -400
v 912 328 -400
v 976 272 -408
v 976 272 -400
v 976 296 -400
v 976 296 -408
v 992 296 -400
v 992 272 -400
v 992 272 -408
v 992 296 -408
v 912 432 -512
v 912 432 -400
v 912 448 -400
v 912 448 -512
v 928 448 -400
v 928 432 -400
v 928 432 -512
v 928 448 -512
v 1024 248 -312
v 1024 248 -304
v 1024 272 -304
v 1024 272 -312
v 1104 272 -304
v 1104 248 -304
v 1104 248 -312
v 1104 272 -312
v 944 288 -408
v 944 288 -400
v 944 312 -400
v 944 312 -408
v 960 312 -400
v 960 288 -400
v 960 288 -408
v 960 312 -408
v 1024 376 -512
v 1024 376 -304
v 1024 392 -304
v 1024 392 -512
v 1104 392 -304
v 1104 376 -304
v 1104 376 -512
v 1104 392 -512
v 1096 392 -512
v 1096 392 -312
v 1096 416 -312
v 1096 416 -512
v 1104 416 -312
v 1104 392 -312
v 1104 392 -512
v 1104 416 -512
v 944 432 -408
v 944 432 -400
v 944 456 -400
v 944 456 -408
v 960 456 -400
v 960 432 -400
v 960 432 -408
v 960 456 -408
v 960 424 -408
v 960 424 -400
v 960 448 -400
v 960 448 -408
v 976 448 -400
v 976 424 -400
v 976 424 -408
v 976 448 -408
v 944 416 -512
v 944 416 -400
v 944 432 -400
v 944 432 -512
v 960 432 -400
v 960 416 -400
v 960 416 -512
v 960 432 -512
v 896 328 -400
v 896 328 -392
v 896 352 -392
v 896 352 -400
v 912 352 -392
v 912 328 -392
v 912 328 -400
v 912 352 -400
v 1008 384 -312
v 1008 384 -304
v 1008 408 -304
v 1008 408 -312
v 1024 408 -304
v 1024 384 -304
v 1024 384 -312
v 1024 408 -312
v 1024 392 -312
v 1024 392 -304
v 1024 416 -304
v 1024 416 -312
v 1104 416 -304
v 1104 392 -304
v 1104 392 -312
v 1104 416 -312
v 912 336 -400
v 912 336 -392
v 912 360 -392
v 912 360 -400
v 928 360 -392
v 928 336 -392
v 928 336 -400
v 928 360 -400
v 928 344 -400
v 928 344 -392
v 928 368 -392
v 928 368 -400
v 944 368 -392
v 944 344 -392
v 944 344 -400
v 944 368 -400
v 944 352 -400
v 944 352 -392
v 944 376 -392
v 944 376 -400
v 960 376 -392
v 960 352 -392
v 960 352 -400
v 960 376 -400
v 960 360 -400
v 960 360 -392
v 960 384 -392
v 960 384 -400
v 976 384 -392
v 976 360 -392
v 976 360 -400
v 976 384 -400
v 912 336 -312
v 912 336 -304
v 912 360 -304
v 912 360 -312
v 928 360 -304
v 928 336 -304
v 928 336 -312
v 928 360 -312
v 928 344 -312
v 928 344 -304
v 928 368 -304
v 928 368 -312
v 944 368 -304
v 944 344 -304
v 944 344 -312
v 944 368 -312
v 896 328 -312
v 896 328 -304
v 896 352 -304
v 896 352 -312
v 912 352 -304
v 912 328 -304
v 912 328 -312
v 912 352 -312
v 960 360 -312
v 960 360 -304
v 960 384 -304
v 960 384 -312
v 976 384 -304
v 976 360 -304
v 976 360 -312
v 976 384 -312
v 976 368 -312
v 976 368 -304
v 976 392 -304
v 976 392 -312
v 992 392 -304
v 992 368 -304
v 992 368 -312
v 992 392 -312
v 944 352 -312
v 944 352 -304
v 944 376 -304
v 944 376 -312
v 960 376 -304
v 960 352 -304
v 960 352 -312
v 960 376 -312
v 992 376 -312
v 992 376 -304
v 992 400 -304
v 992 400 -312
v 1008 400 -304
v 1008 376 -304
v 1008 376 -312
v 1008 400 -312
v 928 184 -400
v 928 184 -304
v 928 200 -304
v 928 200 -400
v 944 200 -304
v 944 184 -304
v 944 184 -400
v 944 200 -400
v 944 192 -400
v 944 192 -304
v 944 208 -304
v 944 208 -400
v 960 208 -304
v 960 192 -304
v 960 192 -400
v 960 208 -400
v 960 200 -400
v 960 200 -304
v 960 216 -304
v 960 216 -400
v 976 216 -304
v 976 200 -304
v 976 200 -400
v 976 216 -400
v 976 208 -400
v 976 208 -304
v 976 224 -304
v 976 224 -400
v 992 224 -304
v 992 208 -304
v 992 208 -400
v 992 224 -400
v 912 176 -400
v 912 176 -304
v 912 192 -304
v 912 192 -400
v 928 192 -304
v 928 176 -304
v 928 176 -400
v 928 192 -400
v 992 216 -400
v 992 216 -304
v 992 232 -304
v 992 232 -400
v 1008 232 -304
v 1008 216 -304
v 1008 216 -400
v 1008 232 -400
v 1008 224 -400
v 1008 224 -304
v 1008 240 -304
v 1008 240 -400
v 1024 240 -304
v 1024 224 -304
v 1024 224 -400
v 1024 240 -400
v 912 192 -400
v 912 192 -392
v 912 216 -392
v 912 216 -400
v 928 216 -392
v 928 192 -392
v 928 192 -400
v 928 216 -400
v 944 208 -400
v 944 208 -392
v 944 232 -392
v 944 232 -400
v 960 232 -392
v 960 208 -392
v 960 208 -400
v 960 232 -400
v 896 184 -400
v 896 184 -392
v 896 208 -392
v 896 208 -400
v 912 208 -392
v 912 184 -392
v 912 184 -400
v 912 208 -400
v 928 280 -512
v 928 280 -400
v 928 296 -400
v 928 296 -512
v 944 296 -400
v 944 280 -400
v 944 280 -512
v 944 296 -512
v 1024 232 -512
v 1024 232 -304
v 1024 248 -304
v 1024 248 -512
v 1104 248 -304
v 1104 232 -304
v 1104 232 -512
v 1104 248 -512
v 960 264 -512
v 960 264 -400
v 960 280 -400
v 960 280 -512
v 976 280 -400
v 976 264 -400
v 976 264 -512
v 976 280 -512
v 944 272 -512
v 944 272 -400
v 944 288 -400
v 944 288 -512
v 960 288 -400
v 960 272 -400
v 960 272 -512
v 960 288 -512
v 1008 240 -512
v 1008 240 -400
v 1008 256 -400
v 1008 256 -512
v 1024 256 -400
v 1024 240 -400
v 1024 240 -512
v 1024 256 -512
v 992 248 -512
v 992 248 -400
v 992 264 -400
v 992 264 -512
v 1008 264 -400
v 1008 248 -400
v 1008 248 -512
v 1008 264 -512
v 912 288 -512
v 912 288 -400
v 912 304 -400
v 912 304 -512
v 928 304 -400
v 928 288 -400
v 928 288 -512
v 928 304 -512
v 896 296 -512
v 896 296 -400
v 896 312 -400
v 896 312 -512
v 912 312 -400
v 912 296 -400
v 912 296 -512
v 912 312 -512
v 976 256 -512
v 976 256 -400
v 976 272 -400
v 976 272 -512
v 992 272 -400
v 992 256 -400
v 992 256 -512
v 992 272 -512
v 928 200 -400
v 928 200 -392
v 928 224 -392
v 928 224 -400
v 944 224 -392
v 944 200 -392
v 944 200 -400
v 944 224 -400
v 1008 256 -408
v 1008 256 -400
v 1008 280 -400
v 1008 280 -408
v 1024 280 -400
v 1024 256 -400
v 1024 256 -408
v 1024 280 -408
v 992 232 -400
v 992 232 -392
v 992 256 -392
v 992 256 -400
v 1008 256 -392
v 1008 232 -392
v 1008 232 -400
v 1008 256 -400
v 944 208 -312
v 944 208 -304
v 944 232 -304
v 944 232 -312
v 960 232 -304
v 960 208 -304
v 960 208 -312
v 960 232 -312
v 912 192 -312
v 912 192 -304
v 912 216 -304
v 912 216 -312
v 928 216 -304
v 928 192 -304
v 928 192 -312
v 928 216 -312
v 928 200 -312
v 928 200 -304
v 928 224 -304
v 928 224 -312
v 944 224 -304
v 944 200 -304
v 944 200 -312
v 944 224 -312
v 992 232 -312
v 992 232 -304
v 992 256 -304
v 992 256 -312
v 1008 256 -304
v 1008 232 -304
v 1008 232 -312
v 1008 256 -312
v 1008 240 -400
v 1008 240 -392
v 1008 264 -392
v 1008 264 -400
v 1024 264 -392
v 1024 240 -392
v 1024 240 -400
v 1024 264 -400
v 960 216 -312
v 960 216 -304
v 960 240 -304
v 960 240 -312
v 976 240 -304
v 976 216 -304
v 976 216 -312
v 976 240 -312
v 976 224 -400
v 976 224 -392
v 976 248 -392
v 976 248 -400
v 992 248 -392
v 992 224 -392
v 992 224 -400
v 992 248 -400
v 976 224 -312
v 976 224 -304
v 976 248 -304
v 976 248 -312
v 992 248 -304
v 992 224 -304
v 992 224 -312
v 992 248 -312
v 960 216 -400
v 960 216 -392
v 960 240 -392
v 960 240 -400
v 976 240 -392
v 976 216 -392
v 976 216 -400
v 976 240 -400
v 896 184 -312
v 896 184 -304
v 896 208 -304
v 896 208 -312
v 912 208 -304
v 912 184 -304
v 912 184 -312
v 912 208 -312
v 1008 240 -312
v 1008 240 -304
v 1008 264 -304
v 1008 264 -312
v 1024 264 -304
v 1024 240 -304
v 1024 240 -312
v 1024 264 -312
v 992 376 -400
v 992 376 -392
v 992 400 -392
v 992 400 -400
v 1008 400 -392
v 1008 376 -392
v 1008 376 -400
v 1008 400 -400
v 1008 384 -400
v 1008 384 -392
v 1008 408 -392
v 1008 408 -400
v 1024 408 -392
v 1024 384 -392
v 1024 384 -400
v 1024 408 -400
v 960 408 -512
v 960 408 -400
v 960 424 -400
v 960 424 -512
v 976 424 -400
v 976 408 -400
v 976 408 -512
v 976 424 -512
v 976 400 -512
v 976 400 -400
v 976 416 -400
v 976 416 -512
v 992 416 -400
v 992 400 -400
v 992 400 -512
v 992 416 -512
v 1008 384 -512
v 1008 384 -400
v 1008 400 -400
v 1008 400 -512
v 1024 400 -400
v 1024 384 -400
v 1024 384 -512
v 1024 400 -512
v 976 368 -400
v 976 368 -392
v 976 392 -392
v 976 392 -400
v 992 392 -392
v 992 368 -392
v 992 368 -400
v 992 392 -400
v 992 392 -512
v 992 392 -400
v 992 408 -400
v 992 408 -512
v 1008 408 -400
v 1008 392 -400
v 1008 392 -512
v 1008 408 -512
v 896 176 -400
v 896 176 -304
v 896 184 -304
v 896 184 -400
v 912 184 -304
v 912 176 -304
v 912 176 -400
v 912 184 -400
v 992 408 -408
v 992 408 -400
v 992 432 -400
v 992 432 -408
v 1008 432 -400
v 1008 408 -400
v 1008 408 -408
v 1008 432 -408
v 976 416 -408
v 976 416 -400
v 976 440 -400
v 976 440 -408
v 992 440 -400
v 992 416 -400
v 992 416 -408
v 992 440 -408
v 1008 400 -408
v 1008 400 -400
v 1008 424 -400
v 1008 424 -408
v 1024 424 -400
v 1024 400 -400
v 1024 400 -408
v 1024 424 -408

# texture coordinates
vt 512 -0
vt -64 -0
vt -64 16
vt 512 16
vt 192 16
vt 192 -0
vt 192 -64
vt -64 -64
vt -64 512
vt 192 512
vt 32 -0
vt -64 96
vt 32 96
vt 336 96
vt 320 96
vt 320 -0
vt 336 -0
vt 336 -64
vt 320 -64
vt 320 32
vt 336 32
vt -64 24
vt 32 24
vt 192 24
vt 176 24
vt 176 -0
vt 176 -64
vt 176 32
vt 192 32
vt -64 32
vt 32 32
vt 208 32
vt 208 -0
vt 208 -64
vt -64 40
vt 32 40
vt 224 40
vt 208 40
vt 224 -0
vt 224 -64
vt 224 32
vt -64 48
vt 32 48
vt 240 48
vt 224 48
vt 240 -0
vt 240 -64
vt 240 32
vt -64 56
vt 32 56
vt 256 56
vt 240 56
vt 256 -0
vt 256 -64
vt 256 32
vt -64 64
vt 32 64
vt 272 64
vt 256 64
vt 272 -0
vt 272 -64
vt 272 32
vt -64 72
vt 32 72
vt 288 72
vt 272 72
vt 288 -0
vt 288 -64
vt 288 32
vt -64 80
vt 32 80
vt 304 80
vt 288 80
vt 304 -0
vt 304 -64
vt 304 32
vt -64 88
vt 32 88
vt 320 88
vt 304 88
vt 528 -0
vt 512 592
vt 528 592
vt 1472 592
vt -64 592
vt 1472 -0
vt 1472 512
vt -64 528
vt 1472 528
vt 32 160
vt 512 160
vt 208 160
vt 192 160
vt 208 512
vt 48 -0
vt 48 160
vt 576 160
vt 576 -0
vt 576 32
vt 208 48
vt 576 48
vt 64 -0
vt 64 128
vt 512 128
vt -64 128
vt -80 128
vt -80 -0
vt -80 64
vt -80 512
vt -48 -0
vt -48 128
vt -80 -64
vt -80 -48
vt -64 -48
vt 64 112
vt -48 112
vt -80 112
vt -64 112
vt -48 16
vt 64 16
vt -80 16
vt -64 160
vt -64 176
vt 512 176
vt 192 176
vt 128 176
vt 128 160
vt 128 -64
vt 128 512
vt -64 104
vt 32 104
vt 448 104
vt 432 104
vt 432 -0
vt 448 -0
vt 448 -64
vt 432 -64
vt 432 32
vt 448 32
vt 32 112
vt 464 112
vt 448 112
vt 464 -0
vt 464 -64
vt 464 32
vt -64 120
vt 32 120
vt 480 120
vt 464 120
vt 480 -0
vt 480 -64
vt 480 32
vt 32 128
vt 496 128
vt 480 128
vt 496 -0
vt 496 -64
vt 496 32
vt -64 136
vt 32 136
vt 512 136
vt 496 136
vt 512 -64
vt 512 32
vt -64 144
vt 32 144
vt 528 144
vt 512 144
vt 528 -64
vt 528 32
vt -64 152
vt 32 152
vt 544 152
vt 528 152
vt 544 -0
vt 544 -64
vt 544 32
vt 32 176
vt 576 176
vt 576 512
vt 560 160
vt 544 160
vt 560 -0
vt 560 -64
vt 560 32
vt -64 168
vt 32 168
vt 576 168
vt 560 168
vt 576 -64
vt 1472 176
vt 1472 160
vt 1472 -64
vt 416 16
vt 416 32
vt 0 32
vt -8 32
vt -8 16
vt 0 16
vt 0 416
vt -8 416
vt -8 512
vt 0 512
vt 424 16
vt 424 32
vt 160 32
vt 160 16
vt 160 416
vt 0 424
vt 160 424
vt 432 96
vt 336 80
vt 432 80
vt -48 80
vt 336 -48
vt 432 -48
vt 208 176
vt 208 304
vt 512 304
vt 192 304
vt 208 208
vt 192 208
vt 736 304
vt 720 304
vt 720 176
vt 736 176
vt 736 208
vt 720 208
vt 720 512
vt 736 512
vt 304 304
vt 304 176
vt 304 192
vt 192 192
vt 304 208
vt 208 256
vt 192 256
vt 416 304
vt 304 256
vt 416 256
vt 416 192
vt 416 208
vt 232 176
vt 208 192
vt 232 192
vt 296 192
vt 296 176
vt 296 208
vt 296 232
vt 304 232
vt 224 176
vt 224 192
vt 416 176
vt 416 224
vt 304 224
vt 416 232
vt 424 192
vt 424 176
vt 424 208
vt 424 232
vt 624 304
vt 624 176
vt 736 192
vt 624 192
vt 624 208
vt 512 192
vt 512 208
vt 512 256
vt 624 256
vt 624 224
vt 512 224
vt 512 232
vt 624 232
vt 504 192
vt 504 176
vt 504 208
vt 504 232
vt 632 192
vt 632 176
vt 632 208
vt 632 232
vt 480 304
vt 448 304
vt 448 176
vt 480 176
vt 480 208
vt 448 208
vt 448 512
vt 480 512
vt -80 592
vt -64 200
vt 512 200
vt 136 200
vt 128 200
vt 136 176
vt 136 -64
vt 136 512
vt -64 304
vt -64 320
vt 512 320
vt 896 320
vt 896 304
vt 896 -64
vt 896 512
vt 304 320
vt 1472 320
vt 1472 304
vt 312 176
vt 312 192
vt 1312 192
vt 928 192
vt 928 176
vt 1312 176
vt 1312 304
vt 928 304
vt 928 312
vt 1312 312
vt 1304 192
vt 1304 176
vt 1304 312
vt 1304 512
vt 1312 512
vt 400 176
vt 400 192
vt 912 192
vt 896 192
vt 896 176
vt 912 176
vt 912 400
vt 896 400
vt 912 512
vt 296 320
vt 296 344
vt 304 344
vt 1472 344
vt 896 344
vt 1472 296
vt 896 296
vt 208 320
vt 192 320
vt 192 448
vt 208 448
vt 736 448
vt 624 448
vt 624 320
vt 736 320
vt 208 400
vt 192 400
vt 512 448
vt 512 400
vt 624 400
vt 416 448
vt 416 320
vt 232 320
vt 224 320
vt 224 336
vt 232 336
vt 624 336
vt 512 336
vt 208 336
vt 504 336
vt 504 320
vt 632 336
vt 632 320
vt 480 448
vt 448 448
vt 448 320
vt 480 320
vt 416 336
vt 304 336
vt 424 336
vt 424 320
vt 296 336
vt 304 448
vt 304 400
vt 416 400
vt 720 448
vt 720 320
vt 216 320
vt 216 336
vt 192 336
vt -64 336
vt -64 208
vt -64 216
vt 192 216
vt -64 448
vt -64 464
vt 512 464
vt 896 464
vt 896 448
vt 304 464
vt 1472 464
vt 1472 448
vt 296 464
vt 296 488
vt 304 488
vt 1472 488
vt 896 488
vt 408 464
vt 408 488
vt 888 488
vt 888 464
vt 888 296
vt 888 408
vt 896 408
vt 160 464
vt 160 592
vt 208 592
vt 192 592
vt 192 464
vt 208 464
vt -64 608
vt 512 608
vt 1472 608
vt -80 608
vt 16 464
vt 16 592
vt 208 16
vt 160 560
vt 16 560
vt 192 560
vt 208 560
vt 304 480
vt 512 480
vt 704 480
vt 696 480
vt 696 464
vt 704 464
vt 704 304
vt 696 304
vt 696 512
vt 704 512
vt 296 480
vt 376 480
vt 376 464
vt 704 296
vt 376 296
vt 376 304
vt 384 480
vt 384 464
vt 384 304
vt 376 512
vt 384 512
vt 352 176
vt 336 176
vt 336 304
vt 352 304
vt 720 336
vt 480 336
vt 480 352
vt 720 352
vt 352 320
vt 336 320
vt 336 448
vt 352 448
vt 448 336
vt 208 352
vt 448 352
vt 32 200
vt 192 200
vt 184 200
vt 184 176
vt 184 -64
vt 184 32
vt 40 176
vt 40 200
vt 584 200
vt 584 176
vt 584 32
vt 184 40
vt 584 40
vt 288 464
vt 288 592
vt 304 592
vt 192 288
vt -64 288
vt 168 32
vt 168 16
vt 168 416
vt 160 512
vt 168 512
vt 344 16
vt 88 16
vt 88 48
vt 344 48
vt 72 48
vt 56 48
vt 56 16
vt 72 16
vt 72 88
vt 56 88
vt 56 344
vt 72 344
vt 88 32
vt 344 32
vt 56 32
vt 40 32
vt 40 16
vt 40 88
vt 40 344
vt 72 32
vt 88 88
vt 88 344
vt 400 352
vt 304 352
vt 304 368
vt 400 368
vt 992 368
vt 976 368
vt 976 352
vt 992 352
vt 992 304
vt 976 304
vt 976 400
vt 992 400
vt 400 336
vt 960 352
vt 944 352
vt 944 336
vt 960 336
vt 960 304
vt 944 304
vt 944 400
vt 960 400
vt 512 248
vt 312 248
vt 312 272
vt 512 272
vt 1104 272
vt 1096 272
vt 1096 248
vt 1104 248
vt 1104 312
vt 1096 312
vt 1096 512
vt 1104 512
vt 408 -448
vt 400 -448
vt 400 -472
vt 408 -472
vt 928 -472
vt 912 -472
vt 912 -448
vt 928 -448
vt 928 400
vt 912 408
vt 928 408
vt -512 -440
vt -400 -440
vt -400 -456
vt -512 -456
vt 912 -456
vt 896 -456
vt 896 -440
vt 912 -440
vt 912 -400
vt 896 -400
vt 896 -512
vt 912 -512
vt 408 -280
vt 400 -280
vt 400 -304
vt 408 -304
vt 976 -304
vt 960 -304
vt 960 -280
vt 976 -280
vt 960 408
vt 976 408
vt 304 384
vt 400 384
vt 1024 384
vt 1008 384
vt 1008 368
vt 1024 368
vt 1024 304
vt 1008 304
vt 1008 400
vt 1024 400
vt 400 344
vt 304 360
vt 400 360
vt 976 360
vt 960 360
vt 960 344
vt 976 344
vt 304 376
vt 400 376
vt 1008 376
vt 992 376
vt 992 360
vt 1008 360
vt 400 328
vt 304 328
vt 944 344
vt 928 344
vt 928 328
vt 944 328
vt 408 -440
vt 400 -440
vt 400 -464
vt 408 -464
vt 944 -464
vt 928 -464
vt 928 -440
vt 944 -440
vt 944 408
vt 408 -296
vt 400 -296
vt 400 -320
vt 408 -320
vt 944 -320
vt 928 -320
vt 928 -296
vt 944 -296
vt 408 -264
vt 400 -264
vt 400 -288
vt 408 -288
vt 1008 -288
vt 992 -288
vt 992 -264
vt 1008 -264
vt 992 408
vt 1008 408
vt 408 -312
vt 400 -312
vt 400 -336
vt 408 -336
vt 912 -336
vt 896 -336
vt 896 -312
vt 912 -312
vt 400 320
vt 928 336
vt 912 336
vt 912 320
vt 928 320
vt 912 304
vt -512 -424
vt -400 -424
vt 928 -424
vt 944 -424
vt 944 -400
vt 928 -400
vt 928 -512
vt 944 -512
vt 408 -456
vt 400 -456
vt 400 -480
vt 408 -480
vt 912 -480
vt 896 -480
vt 400 -328
vt 408 -328
vt 928 -328
vt 912 -328
vt 912 -304
vt 928 -304
vt 912 328
vt 896 328
vt 408 -272
vt 400 -272
vt 992 -296
vt 976 -296
vt 976 -272
vt 992 -272
vt -512 -432
vt -400 -432
vt -400 -448
vt -512 -448
vt 912 -432
vt 928 -432
vt 304 248
vt 304 272
vt 1024 272
vt 1024 248
vt 1104 304
vt 1024 312
vt 960 -312
vt 944 -312
vt 944 -288
vt 960 -288
vt 512 376
vt 304 392
vt 512 392
vt 1104 392
vt 1024 392
vt 1024 376
vt 1104 376
vt 1024 512
vt 312 392
vt 312 416
vt 512 416
vt 1104 416
vt 1096 416
vt 1096 392
vt 408 -432
vt 400 -432
vt 960 -456
vt 944 -456
vt 944 -432
vt 960 -432
vt 408 -424
vt 400 -424
vt 976 -448
vt 960 -448
vt 960 -424
vt 976 -424
vt -512 -416
vt -400 -416
vt 944 -416
vt 960 -416
vt 960 -400
vt 960 -512
vt 392 328
vt 392 352
vt 912 352
vt 896 352
vt 912 392
vt 896 392
vt 312 384
vt 304 408
vt 312 408
vt 1024 408
vt 1008 312
vt 304 416
vt 1024 416
vt 392 336
vt 392 360
vt 928 360
vt 912 360
vt 928 392
vt 392 344
vt 392 368
vt 944 368
vt 928 368
vt 944 392
vt 392 376
vt 960 376
vt 944 376
vt 960 392
vt 392 384
vt 976 384
vt 960 384
vt 976 392
vt 312 336
vt 312 360
vt 912 312
vt 312 344
vt 312 368
vt 944 312
vt 312 328
vt 312 352
vt 896 312
vt 960 312
vt 976 312
vt 992 392
vt 992 312
vt 312 376
vt 312 400
vt 400 184
vt 304 184
vt 304 200
vt 400 200
vt 944 200
vt 928 200
vt 928 184
vt 944 184
vt 400 208
vt 960 208
vt 944 208
vt 944 192
vt 960 192
vt 304 216
vt 400 216
vt 976 216
vt 960 216
vt 960 200
vt 976 200
vt 400 224
vt 992 224
vt 976 224
vt 976 208
vt 992 208
vt 400 232
vt 1008 232
vt 992 232
vt 992 216
vt 1008 216
vt 304 240
vt 400 240
vt 1024 240
vt 1008 240
vt 1008 224
vt 1024 224
vt 392 192
vt 392 216
vt 928 216
vt 912 216
vt 392 208
vt 392 232
vt 960 232
vt 944 232
vt 392 184
vt 912 208
vt 896 208
vt 896 184
vt 912 184
vt -512 -280
vt -400 -280
vt -400 -296
vt -512 -296
vt 928 -280
vt 944 -280
vt 1024 232
vt 1104 232
vt -512 -264
vt -400 -264
vt 960 -264
vt 976 -264
vt 976 -400
vt 976 -512
vt -512 -272
vt -400 -272
vt -400 -288
vt -512 -288
vt 944 -272
vt 960 -272
vt -512 -240
vt -400 -240
vt -400 -256
vt -512 -256
vt 1024 -256
vt 1008 -256
vt 1008 -240
vt 1024 -240
vt 1024 -400
vt 1008 -400
vt 1008 -512
vt 1024 -512
vt -512 -248
vt -400 -248
vt 992 -248
vt 1008 -248
vt 992 -400
vt 992 -512
vt -400 -304
vt -512 -304
vt 912 -288
vt 928 -288
vt -400 -312
vt -512 -312
vt 896 -296
vt 912 -296
vt 976 -256
vt 992 -256
vt 392 200
vt 392 224
vt 944 224
vt 928 224
vt 408 -256
vt 400 -256
vt 1024 -280
vt 1008 -280
vt 392 256
vt 400 256
vt 1008 256
vt 992 256
vt 1008 392
vt 312 208
vt 312 232
vt 312 216
vt 312 200
vt 312 224
vt 312 256
vt 392 240
vt 392 264
vt 400 264
vt 1024 264
vt 1008 264
vt 312 240
vt 976 240
vt 960 240
vt 392 248
vt 400 248
vt 992 248
vt 976 248
vt 312 184
vt 304 264
vt 312 264
vt 392 400
vt 400 400
vt 392 408
vt 400 408
vt -512 -408
vt -400 -408
vt 960 -408
vt 976 -408
vt -512 -400
vt -400 -400
vt 992 -416
vt 976 -416
vt -512 -384
vt -400 -384
vt 1008 -384
vt 1024 -384
vt 392 392
vt 400 392
vt -512 -392
vt -400 -392
vt 1008 -408
vt 992 -408
vt 992 -392
vt 1008 -392
vt 408 -408
vt 400 -408
vt 1008 -432
vt 992 -432
vt 408 -416
vt 400 -416
vt 992 -440
vt 976 -440
vt 408 -400
vt 400 -400
vt 1024 -424
vt 1008 -424

# normals
vn -1 0 0
vn 0 0 1
vn 0 -1 -0
vn -0 1 -0
vn 0 -0 -1
vn 1 0 0

o entity0_brush0
usemtl __TB_empty
f  1/1/1  2/2/1  3/3/1  4/4/1
usemtl __TB_empty
f  5/5/2  3/3/2  2/2/2  6/6/2
usemtl __TB_empty
f  6/7/3  2/8/3  1/9/3  7/10/3
usemtl __TB_empty
f  8/10/4  4/9/4  3/8/4  5/7/4
usemtl __TB_empty
f  7/6/5  1/2/5  4/3/5  8/5/5
usemtl __TB_empty
f  8/4/6  5/3/6  6/2/6  7/1/6

o entity0_brush1
usemtl __TB_empty
f  9/11/1  10/2/1  11/12/1  12/13/1
usemtl __TB_empty
f  13/14/2  11/15/2  10/16/2  14/17/2
usemtl __TB_empty
f  14/18/3  10/19/3  9/20/3  15/21/3
usemtl __TB_empty
f  16/21/4  12/20/4  11/19/4  13/18/4
usemtl __TB_empty
f  15/17/5  9/16/5  12/15/5  16/14/5
usemtl __TB_empty
f  16/13/6  13/12/6  14/2/6  15/11/6

o entity0_brush2
usemtl __TB_empty
f  17/11/1  18/2/1  19/22/1  20/23/1
usemtl __TB_empty
f  21/24/2  19/25/2  18/26/2  22/6/2
usemtl __TB_empty
f  22/7/3  18/27/3  17/28/3  23/29/3
usemtl __TB_empty
f  24/29/4  20/28/4  19/27/4  21/7/4
usemtl __TB_empty
f  23/6/5  17/26/5  20/25/5  24/24/5
usemtl __TB_empty
f  24/23/6  21/22/6  22/2/6  23/11/6

o entity0_brush3
usemtl __TB_empty
f  25/11/1  26/2/1  27/30/1  28/31/1
usemtl __TB_empty
f  29/32/2  27/29/2  26/6/2  30/33/2
usemtl __TB_empty
f  30/34/3  26/7/3  25/29/3  31/32/3
usemtl __TB_empty
f  32/32/4  28/29/4  27/7/4  29/34/4
usemtl __TB_empty
f  31/33/5  25/6/5  28/29/5  32/32/5
usemtl __TB_empty
f  32/31/6  29/30/6  30/2/6  31/11/6

o entity0_brush4
usemtl __TB_empty
f  33/11/1  34/2/1  35/35/1  36/36/1
usemtl __TB_empty
f  37/37/2  35/38/2  34/33/2  38/39/2
usemtl __TB_empty
f  38/40/3  34/34/3  33/32/3  39/41/3
usemtl __TB_empty
f  40/41/4  36/32/4  35/34/4  37/40/4
usemtl __TB_empty
f  39/39/5  33/33/5  36/38/5  40/37/5
usemtl __TB_empty
f  40/36/6  37/35/6  38/2/6  39/11/6

o entity0_brush5
usemtl __TB_empty
f  41/11/1  42/2/1  43/42/1  44/43/1
usemtl __TB_empty
f  45/44/2  43/45/2  42/39/2  46/46/2
usemtl __TB_empty
f  46/47/3  42/40/3  41/41/3  47/48/3
usemtl __TB_empty
f  48/48/4  44/41/4  43/40/4  45/47/4
usemtl __TB_empty
f  47/46/5  41/39/5  44/45/5  48/44/5
usemtl __TB_empty
f  48/43/6  45/42/6  46/2/6  47/11/6

o entity0_brush6
usemtl __TB_empty
f  49/11/1  50/2/1  51/49/1  52/50/1
usemtl __TB_empty
f  53/51/2  51/52/2  50/46/2  54/53/2
usemtl __TB_empty
f  54/54/3  50/47/3  49/48/3  55/55/3
usemtl __TB_empty
f  56/55/4  52/48/4  51/47/4  53/54/4
usemtl __TB_empty
f  55/53/5  49/46/5  52/52/5  56/51/5
usemtl __TB_empty
f  56/50/6  53/49/6  54/2/6  55/11/6

o entity0_brush7
usemtl __TB_empty
f  57/11/1  58/2/1  59/56/1  60/57/1
usemtl __TB_empty
f  61/58/2  59/59/2  58/53/2  62/60/2
usemtl __TB_empty
f  62/61/3  58/54/3  57/55/3  63/62/3
usemtl __TB_empty
f  64/62/4  60/55/4  59/54/4  61/61/4
usemtl __TB_empty
f  63/60/5  57/53/5  60/59/5  64/58/5
usemtl __TB_empty
f  64/57/6  61/56/6  62/2/6  63/11/6

o entity0_brush8
usemtl __TB_empty
f  65/11/1  66/2/1  67/63/1  68/64/1
usemtl __TB_empty
f  69/65/2  67/66/2  66/60/2  70/67/2
usemtl __TB_empty
f  70/68/3  66/61/3  65/62/3  71/69/3
usemtl __TB_empty
f  72/69/4  68/62/4  67/61/4  69/68/4
usemtl __TB_empty
f  71/67/5  65/60/5  68/66/5  72/65/5
usemtl __TB_empty
f  72/64/6  69/63/6  70/2/6  71/11/6

o entity0_brush9
usemtl __TB_empty
f  73/11/1  74/2/1  75/70/1  76/71/1
usemtl __TB_empty
f  77/72/2  75/73/2  74/67/2  78/74/2
usemtl __TB_empty
f  78/75/3  74/68/3  73/69/3  79/76/3
usemtl __TB_empty
f  80/76/4  76/69/4  75/68/4  77/75/4
usemtl __TB_empty
f  79/74/5  73/67/5  76/73/5  80/72/5
usemtl __TB_empty
f  80/71/6  77/70/6  78/2/6  79/11/6

o entity0_brush10
usemtl __TB_empty
f  81/11/1  82/2/1  83/77/1  84/78/1
usemtl __TB_empty
f  85/79/2  83/80/2  82/74/2  86/16/2
usemtl __TB_empty
f  86/19/3  82/75/3  81/76/3  87/20/3
usemtl __TB_empty
f  88/20/4  84/76/4  83/75/4  85/19/4
usemtl __TB_empty
f  87/16/5  81/74/5  84/80/5  88/79/5
usemtl __TB_empty
f  88/78/6  85/77/6  86/2/6  87/11/6

o entity0_brush11
usemtl __TB_empty
f  89/81/1  90/1/1  91/82/1  92/83/1
usemtl __TB_empty
f  93/84/2  91/85/2  90/2/2  94/86/2
usemtl __TB_empty
f  94/87/3  90/9/3  89/88/3  95/89/3
usemtl __TB_empty
f  96/89/4  92/88/4  91/9/4  93/87/4
usemtl __TB_empty
f  95/86/5  89/2/5  92/85/5  96/84/5
usemtl __TB_empty
f  96/83/6  93/82/6  94/1/6  95/81/6

o entity0_brush12
usemtl __TB_empty
f  97/1/1  98/11/1  99/90/1  100/91/1
usemtl __TB_empty
f  101/92/2  99/93/2  98/6/2  102/33/2
usemtl __TB_empty
f  102/32/3  98/29/3  97/10/3  103/94/3
usemtl __TB_empty
f  104/94/4  100/10/4  99/29/4  101/32/4
usemtl __TB_empty
f  103/33/5  97/6/5  100/93/5  104/92/5
usemtl __TB_empty
f  104/91/6  101/90/6  102/11/6  103/1/6

o entity0_brush13
usemtl __TB_empty
f  105/95/1  106/11/1  107/90/1  108/96/1
usemtl __TB_empty
f  109/97/2  107/92/2  106/33/2  110/98/2
usemtl __TB_empty
f  110/99/3  106/32/3  105/100/3  111/101/3
usemtl __TB_empty
f  112/101/4  108/100/4  107/32/4  109/99/4
usemtl __TB_empty
f  111/98/5  105/33/5  108/92/5  112/97/5
usemtl __TB_empty
f  112/96/6  109/90/6  110/11/6  111/95/6

o entity0_brush14
usemtl __TB_empty
f  113/1/1  114/102/1  115/103/1  116/104/1
usemtl __TB_empty
f  117/105/2  115/106/2  114/107/2  118/2/2
usemtl __TB_empty
f  118/56/3  114/108/3  113/109/3  119/9/3
usemtl __TB_empty
f  120/9/4  116/109/4  115/108/4  117/56/4
usemtl __TB_empty
f  119/2/5  113/107/5  116/106/5  120/105/5
usemtl __TB_empty
f  120/104/6  117/103/6  118/102/6  119/1/6

o entity0_brush15
usemtl __TB_empty
f  121/110/1  122/2/1  123/105/1  124/111/1
usemtl __TB_empty
f  125/105/2  123/106/2  122/107/2  126/2/2
usemtl __TB_empty
f  126/8/3  122/112/3  121/113/3  127/114/3
usemtl __TB_empty
f  128/114/4  124/113/4  123/112/4  125/8/4
usemtl __TB_empty
f  127/2/5  121/107/5  124/106/5  128/105/5
usemtl __TB_empty
f  128/111/6  125/105/6  126/2/6  127/110/6

o entity0_brush16
usemtl __TB_empty
f  129/115/1  130/116/1  131/111/1  132/103/1
usemtl __TB_empty
f  133/105/2  131/106/2  130/117/2  134/118/2
usemtl __TB_empty
f  134/114/3  130/113/3  129/108/3  135/56/3
usemtl __TB_empty
f  136/56/4  132/108/4  131/113/4  133/114/4
usemtl __TB_empty
f  135/118/5  129/117/5  132/106/5  136/105/5
usemtl __TB_empty
f  136/103/6  133/111/6  134/116/6  135/115/6

o entity0_brush17
usemtl __TB_empty
f  137/102/1  138/110/1  139/119/1  140/120/1
usemtl __TB_empty
f  141/3/2  139/121/2  138/107/2  142/2/2
usemtl __TB_empty
f  142/114/3  138/113/3  137/108/3  143/56/3
usemtl __TB_empty
f  144/56/4  140/108/4  139/113/4  141/114/4
usemtl __TB_empty
f  143/2/5  137/107/5  140/121/5  144/3/5
usemtl __TB_empty
f  144/120/6  141/119/6  142/110/6  143/102/6

o entity0_brush18
usemtl __TB_empty
f  145/91/1  146/122/1  147/123/1  148/124/1
usemtl __TB_empty
f  149/125/2  147/126/2  146/127/2  150/93/2
usemtl __TB_empty
f  150/7/3  146/128/3  145/129/3  151/10/3
usemtl __TB_empty
f  152/10/4  148/129/4  147/128/4  149/7/4
usemtl __TB_empty
f  151/93/5  145/127/5  148/126/5  152/125/5
usemtl __TB_empty
f  152/124/6  149/123/6  150/122/6  151/91/6

o entity0_brush19
usemtl __TB_empty
f  153/11/1  154/2/1  155/130/1  156/131/1
usemtl __TB_empty
f  157/132/2  155/133/2  154/134/2  158/135/2
usemtl __TB_empty
f  158/136/3  154/137/3  153/138/3  159/139/3
usemtl __TB_empty
f  160/139/4  156/138/4  155/137/4  157/136/4
usemtl __TB_empty
f  159/135/5  153/134/5  156/133/5  160/132/5
usemtl __TB_empty
f  160/131/6  157/130/6  158/2/6  159/11/6

o entity0_brush20
usemtl __TB_empty
f  161/11/1  162/2/1  163/118/1  164/140/1
usemtl __TB_empty
f  165/141/2  163/142/2  162/135/2  166/143/2
usemtl __TB_empty
f  166/144/3  162/136/3  161/139/3  167/145/3
usemtl __TB_empty
f  168/145/4  164/139/4  163/136/4  165/144/4
usemtl __TB_empty
f  167/143/5  161/135/5  164/142/5  168/141/5
usemtl __TB_empty
f  168/140/6  165/118/6  166/2/6  167/11/6

o entity0_brush21
usemtl __TB_empty
f  169/11/1  170/2/1  171/146/1  172/147/1
usemtl __TB_empty
f  173/148/2  171/149/2  170/143/2  174/150/2
usemtl __TB_empty
f  174/151/3  170/144/3  169/145/3  175/152/3
usemtl __TB_empty
f  176/152/4  172/145/4  171/144/4  173/151/4
usemtl __TB_empty
f  175/150/5  169/143/5  172/149/5  176/148/5
usemtl __TB_empty
f  176/147/6  173/146/6  174/2/6  175/11/6

o entity0_brush22
usemtl __TB_empty
f  177/11/1  178/2/1  179/105/1  180/153/1
usemtl __TB_empty
f  181/154/2  179/155/2  178/150/2  182/156/2
usemtl __TB_empty
f  182/157/3  178/151/3  177/152/3  183/158/3
usemtl __TB_empty
f  184/158/4  180/152/4  179/151/4  181/157/4
usemtl __TB_empty
f  183/156/5  177/150/5  180/155/5  184/154/5
usemtl __TB_empty
f  184/153/6  181/105/6  182/2/6  183/11/6

o entity0_brush23
usemtl __TB_empty
f  185/11/1  186/2/1  187/159/1  188/160/1
usemtl __TB_empty
f  189/161/2  187/162/2  186/156/2  190/1/2
usemtl __TB_empty
f  190/163/3  186/157/3  185/158/3  191/164/3
usemtl __TB_empty
f  192/164/4  188/158/4  187/157/4  189/163/4
usemtl __TB_empty
f  191/1/5  185/156/5  188/162/5  192/161/5
usemtl __TB_empty
f  192/160/6  189/159/6  190/2/6  191/11/6

o entity0_brush24
usemtl __TB_empty
f  193/11/1  194/2/1  195/165/1  196/166/1
usemtl __TB_empty
f  197/167/2  195/168/2  194/1/2  198/81/2
usemtl __TB_empty
f  198/169/3  194/163/3  193/164/3  199/170/3
usemtl __TB_empty
f  200/170/4  196/164/4  195/163/4  197/169/4
usemtl __TB_empty
f  199/81/5  193/1/5  196/168/5  200/167/5
usemtl __TB_empty
f  200/166/6  197/165/6  198/2/6  199/11/6

o entity0_brush25
usemtl __TB_empty
f  201/11/1  202/2/1  203/171/1  204/172/1
usemtl __TB_empty
f  205/173/2  203/174/2  202/81/2  206/175/2
usemtl __TB_empty
f  206/176/3  202/169/3  201/170/3  207/177/3
usemtl __TB_empty
f  208/177/4  204/170/4  203/169/4  205/176/4
usemtl __TB_empty
f  207/175/5  201/81/5  204/174/5  208/173/5
usemtl __TB_empty
f  208/172/6  205/171/6  206/2/6  207/11/6

o entity0_brush26
usemtl __TB_empty
f  209/91/1  210/90/1  211/178/1  212/124/1
usemtl __TB_empty
f  213/179/2  211/125/2  210/93/2  214/97/2
usemtl __TB_empty
f  214/99/3  210/29/3  209/10/3  215/180/3
usemtl __TB_empty
f  216/180/4  212/10/4  211/29/4  213/99/4
usemtl __TB_empty
f  215/97/5  209/93/5  212/125/5  216/179/5
usemtl __TB_empty
f  216/124/6  213/178/6  214/90/6  215/91/6

o entity0_brush27
usemtl __TB_empty
f  217/11/1  218/2/1  219/122/1  220/90/1
usemtl __TB_empty
f  221/181/2  219/182/2  218/175/2  222/183/2
usemtl __TB_empty
f  222/184/3  218/176/3  217/177/3  223/185/3
usemtl __TB_empty
f  224/185/4  220/177/4  219/176/4  221/184/4
usemtl __TB_empty
f  223/183/5  217/175/5  220/182/5  224/181/5
usemtl __TB_empty
f  224/90/6  221/122/6  222/2/6  223/11/6

o entity0_brush28
usemtl __TB_empty
f  225/11/1  226/2/1  227/186/1  228/187/1
usemtl __TB_empty
f  229/188/2  227/189/2  226/183/2  230/98/2
usemtl __TB_empty
f  230/190/3  226/184/3  225/185/3  231/99/3
usemtl __TB_empty
f  232/99/4  228/185/4  227/184/4  229/190/4
usemtl __TB_empty
f  231/98/5  225/183/5  228/189/5  232/188/5
usemtl __TB_empty
f  232/187/6  229/186/6  230/2/6  231/11/6

o entity0_brush29
usemtl __TB_empty
f  233/91/1  234/122/1  235/123/1  236/124/1
usemtl __TB_empty
f  237/191/2  235/179/2  234/97/2  238/192/2
usemtl __TB_empty
f  238/193/3  234/190/3  233/180/3  239/87/3
usemtl __TB_empty
f  240/87/4  236/180/4  235/190/4  237/193/4
usemtl __TB_empty
f  239/192/5  233/97/5  236/179/5  240/191/5
usemtl __TB_empty
f  240/124/6  237/123/6  238/122/6  239/91/6

o entity0_brush30
usemtl __TB_empty
f  241/4/1  242/194/1  243/195/1  244/164/1
usemtl __TB_empty
f  245/196/2  243/197/2  242/198/2  246/199/2
usemtl __TB_empty
f  246/200/3  242/201/3  241/202/3  247/203/3
usemtl __TB_empty
f  248/203/4  244/202/4  243/201/4  245/200/4
usemtl __TB_empty
f  247/199/5  241/198/5  244/197/5  248/196/5
usemtl __TB_empty
f  248/164/6  245/195/6  246/194/6  247/4/6

o entity0_brush31
usemtl __TB_empty
f  249/204/1  250/194/1  251/195/1  252/205/1
usemtl __TB_empty
f  253/206/2  251/196/2  250/199/2  254/207/2
usemtl __TB_empty
f  254/208/3  250/200/3  249/209/3  255/210/3
usemtl __TB_empty
f  256/210/4  252/209/4  251/200/4  253/208/4
usemtl __TB_empty
f  255/207/5  249/199/5  252/196/5  256/206/5
usemtl __TB_empty
f  256/205/6  253/195/6  254/194/6  255/204/6

o entity0_brush32
usemtl __TB_empty
f  257/71/1  258/70/1  259/12/1  260/13/1
usemtl __TB_empty
f  261/211/2  259/14/2  258/212/2  262/213/2
usemtl __TB_empty
f  262/137/3  258/18/3  257/21/3  263/138/3
usemtl __TB_empty
f  264/138/4  260/21/4  259/18/4  261/137/4
usemtl __TB_empty
f  263/213/5  257/212/5  260/14/5  264/211/5
usemtl __TB_empty
f  264/13/6  261/12/6  262/70/6  263/71/6

o entity0_brush33
usemtl __TB_empty
f  265/110/1  266/2/1  267/70/1  268/214/1
usemtl __TB_empty
f  269/213/2  267/212/2  266/17/2  270/134/2
usemtl __TB_empty
f  270/137/3  266/18/3  265/215/3  271/216/3
usemtl __TB_empty
f  272/216/4  268/215/4  267/18/4  269/137/4
usemtl __TB_empty
f  271/134/5  265/17/5  268/212/5  272/213/5
usemtl __TB_empty
f  272/214/6  269/70/6  270/2/6  271/110/6

o entity0_brush34
usemtl __TB_empty
f  273/124/1  274/217/1  275/218/1  276/219/1
usemtl __TB_empty
f  277/218/2  275/220/2  274/125/2  278/217/2
usemtl __TB_empty
f  278/221/3  274/222/3  273/10/3  279/94/3
usemtl __TB_empty
f  280/94/4  276/10/4  275/222/4  277/221/4
usemtl __TB_empty
f  279/217/5  273/125/5  276/220/5  280/218/5
usemtl __TB_empty
f  280/219/6  277/218/6  278/217/6  279/124/6

o entity0_brush35
usemtl __TB_empty
f  281/124/1  282/217/1  283/218/1  284/219/1
usemtl __TB_empty
f  285/223/2  283/224/2  282/225/2  286/226/2
usemtl __TB_empty
f  286/227/3  282/228/3  281/229/3  287/230/3
usemtl __TB_empty
f  288/230/4  284/229/4  283/228/4  285/227/4
usemtl __TB_empty
f  287/226/5  281/225/5  284/224/5  288/223/5
usemtl __TB_empty
f  288/219/6  285/218/6  286/217/6  287/124/6

o entity0_brush36
usemtl __TB_empty
f  289/217/1  290/125/1  291/220/1  292/218/1
usemtl __TB_empty
f  293/231/2  291/220/2  290/125/2  294/232/2
usemtl __TB_empty
f  294/233/3  290/234/3  289/222/3  295/235/3
usemtl __TB_empty
f  296/235/4  292/222/4  291/234/4  293/233/4
usemtl __TB_empty
f  295/232/5  289/125/5  292/220/5  296/231/5
usemtl __TB_empty
f  296/218/6  293/220/6  294/125/6  295/217/6

o entity0_brush37
usemtl __TB_empty
f  297/236/1  298/237/1  299/220/1  300/218/1
usemtl __TB_empty
f  301/238/2  299/231/2  298/239/2  302/240/2
usemtl __TB_empty
f  302/241/3  298/233/3  297/235/3  303/242/3
usemtl __TB_empty
f  304/242/4  300/235/4  299/233/4  301/241/4
usemtl __TB_empty
f  303/240/5  297/239/5  300/231/5  304/238/5
usemtl __TB_empty
f  304/218/6  301/220/6  302/237/6  303/236/6

o entity0_brush38
usemtl __TB_empty
f  305/243/1  306/217/1  307/244/1  308/245/1
usemtl __TB_empty
f  309/233/2  307/246/2  306/247/2  310/232/2
usemtl __TB_empty
f  310/235/3  306/248/3  305/249/3  311/250/3
usemtl __TB_empty
f  312/250/4  308/249/4  307/248/4  309/235/4
usemtl __TB_empty
f  311/232/5  305/247/5  308/246/5  312/233/5
usemtl __TB_empty
f  312/245/6  309/244/6  310/217/6  311/243/6

o entity0_brush39
usemtl __TB_empty
f  313/243/1  314/251/1  315/252/1  316/245/1
usemtl __TB_empty
f  317/241/2  315/233/2  314/232/2  318/253/2
usemtl __TB_empty
f  318/254/3  314/255/3  313/250/3  319/256/3
usemtl __TB_empty
f  320/256/4  316/250/4  315/255/4  317/254/4
usemtl __TB_empty
f  319/253/5  313/232/5  316/233/5  320/241/5
usemtl __TB_empty
f  320/245/6  317/252/6  318/251/6  319/243/6

o entity0_brush40
usemtl __TB_empty
f  321/243/1  322/217/1  323/244/1  324/245/1
usemtl __TB_empty
f  325/257/2  323/241/2  322/253/2  326/258/2
usemtl __TB_empty
f  326/259/3  322/242/3  321/256/3  327/260/3
usemtl __TB_empty
f  328/260/4  324/256/4  323/242/4  325/259/4
usemtl __TB_empty
f  327/258/5  321/253/5  324/241/5  328/257/5
usemtl __TB_empty
f  328/245/6  325/244/6  326/217/6  327/243/6

o entity0_brush41
usemtl __TB_empty
f  329/217/1  330/125/1  331/220/1  332/218/1
usemtl __TB_empty
f  333/223/2  331/261/2  330/262/2  334/226/2
usemtl __TB_empty
f  334/263/3  330/264/3  329/265/3  335/227/3
usemtl __TB_empty
f  336/227/4  332/265/4  331/264/4  333/263/4
usemtl __TB_empty
f  335/226/5  329/262/5  332/261/5  336/223/5
usemtl __TB_empty
f  336/218/6  333/220/6  334/125/6  335/217/6

o entity0_brush42
usemtl __TB_empty
f  337/217/1  338/125/1  339/220/1  340/218/1
usemtl __TB_empty
f  341/219/2  339/238/2  338/253/2  342/124/2
usemtl __TB_empty
f  342/266/3  338/241/3  337/242/3  343/267/3
usemtl __TB_empty
f  344/267/4  340/242/4  339/241/4  341/266/4
usemtl __TB_empty
f  343/124/5  337/253/5  340/238/5  344/219/5
usemtl __TB_empty
f  344/218/6  341/220/6  342/125/6  343/217/6

o entity0_brush43
usemtl __TB_empty
f  345/236/1  346/237/1  347/220/1  348/218/1
usemtl __TB_empty
f  349/261/2  347/219/2  346/268/2  350/269/2
usemtl __TB_empty
f  350/264/3  346/266/3  345/267/3  351/265/3
usemtl __TB_empty
f  352/265/4  348/267/4  347/266/4  349/264/4
usemtl __TB_empty
f  351/269/5  345/268/5  348/219/5  352/261/5
usemtl __TB_empty
f  352/218/6  349/220/6  350/237/6  351/236/6

o entity0_brush44
usemtl __TB_empty
f  353/243/1  354/251/1  355/252/1  356/245/1
usemtl __TB_empty
f  357/264/2  355/266/2  354/124/2  358/262/2
usemtl __TB_empty
f  358/270/3  354/271/3  353/272/3  359/273/3
usemtl __TB_empty
f  360/273/4  356/272/4  355/271/4  357/270/4
usemtl __TB_empty
f  359/262/5  353/124/5  356/266/5  360/264/5
usemtl __TB_empty
f  360/245/6  357/252/6  358/251/6  359/243/6

o entity0_brush45
usemtl __TB_empty
f  361/243/1  362/217/1  363/244/1  364/245/1
usemtl __TB_empty
f  365/266/2  363/274/2  362/275/2  366/124/2
usemtl __TB_empty
f  366/267/3  362/276/3  361/277/3  367/272/3
usemtl __TB_empty
f  368/272/4  364/277/4  363/276/4  365/267/4
usemtl __TB_empty
f  367/124/5  361/275/5  364/274/5  368/266/5
usemtl __TB_empty
f  368/245/6  365/244/6  366/217/6  367/243/6

o entity0_brush46
usemtl __TB_empty
f  369/243/1  370/217/1  371/244/1  372/245/1
usemtl __TB_empty
f  373/278/2  371/264/2  370/262/2  374/279/2
usemtl __TB_empty
f  374/280/3  370/265/3  369/273/3  375/281/3
usemtl __TB_empty
f  376/281/4  372/273/4  371/265/4  373/280/4
usemtl __TB_empty
f  375/279/5  369/262/5  372/264/5  376/278/5
usemtl __TB_empty
f  376/245/6  373/244/6  374/217/6  375/243/6

o entity0_brush47
usemtl __TB_empty
f  377/124/1  378/217/1  379/218/1  380/219/1
usemtl __TB_empty
f  381/282/2  379/283/2  378/284/2  382/285/2
usemtl __TB_empty
f  382/286/3  378/287/3  377/288/3  383/289/3
usemtl __TB_empty
f  384/289/4  380/288/4  379/287/4  381/286/4
usemtl __TB_empty
f  383/285/5  377/284/5  380/283/5  384/282/5
usemtl __TB_empty
f  384/219/6  381/218/6  382/217/6  383/124/6

o entity0_brush48
usemtl __TB_empty
f  385/104/1  386/105/1  387/85/1  388/82/1
usemtl __TB_empty
f  389/85/2  387/290/2  386/106/2  390/105/2
usemtl __TB_empty
f  390/8/3  386/112/3  385/109/3  391/9/3
usemtl __TB_empty
f  392/9/4  388/109/4  387/112/4  389/8/4
usemtl __TB_empty
f  391/105/5  385/106/5  388/290/5  392/85/5
usemtl __TB_empty
f  392/82/6  389/85/6  390/105/6  391/104/6

o entity0_brush49
usemtl __TB_empty
f  393/124/1  394/123/1  395/291/1  396/292/1
usemtl __TB_empty
f  397/293/2  395/294/2  394/126/2  398/295/2
usemtl __TB_empty
f  398/296/3  394/128/3  393/129/3  399/297/3
usemtl __TB_empty
f  400/297/4  396/129/4  395/128/4  397/296/4
usemtl __TB_empty
f  399/295/5  393/126/5  396/294/5  400/293/5
usemtl __TB_empty
f  400/292/6  397/291/6  398/123/6  399/124/6

o entity0_brush50
usemtl __TB_empty
f  401/219/1  402/298/1  403/299/1  404/300/1
usemtl __TB_empty
f  405/301/2  403/299/2  402/298/2  406/302/2
usemtl __TB_empty
f  406/303/3  402/8/3  401/9/3  407/304/3
usemtl __TB_empty
f  408/304/4  404/9/4  403/8/4  405/303/4
usemtl __TB_empty
f  407/302/5  401/298/5  404/299/5  408/301/5
usemtl __TB_empty
f  408/300/6  405/299/6  406/298/6  407/219/6

o entity0_brush51
usemtl __TB_empty
f  409/231/1  410/298/1  411/299/1  412/305/1
usemtl __TB_empty
f  413/306/2  411/301/2  410/302/2  414/307/2
usemtl __TB_empty
f  414/193/3  410/303/3  409/302/3  415/307/3
usemtl __TB_empty
f  416/307/4  412/302/4  411/303/4  413/193/4
usemtl __TB_empty
f  415/307/5  409/302/5  412/301/5  416/306/5
usemtl __TB_empty
f  416/305/6  413/299/6  414/298/6  415/231/6

o entity0_brush52
usemtl __TB_empty
f  417/308/1  418/232/1  419/233/1  420/309/1
usemtl __TB_empty
f  421/310/2  419/311/2  418/312/2  422/313/2
usemtl __TB_empty
f  422/314/3  418/315/3  417/316/3  423/317/3
usemtl __TB_empty
f  424/317/4  420/316/4  419/315/4  421/314/4
usemtl __TB_empty
f  423/313/5  417/312/5  420/311/5  424/310/5
usemtl __TB_empty
f  424/309/6  421/233/6  422/232/6  423/308/6

o entity0_brush53
usemtl __TB_empty
f  425/124/1  426/308/1  427/309/1  428/266/1
usemtl __TB_empty
f  429/310/2  427/318/2  426/319/2  430/313/2
usemtl __TB_empty
f  430/317/3  426/320/3  425/321/3  431/322/3
usemtl __TB_empty
f  432/322/4  428/321/4  427/320/4  429/317/4
usemtl __TB_empty
f  431/313/5  425/319/5  428/318/5  432/310/5
usemtl __TB_empty
f  432/266/6  429/309/6  430/308/6  431/124/6

o entity0_brush54
usemtl __TB_empty
f  433/124/1  434/323/1  435/324/1  436/266/1
usemtl __TB_empty
f  437/325/2  435/326/2  434/327/2  438/328/2
usemtl __TB_empty
f  438/329/3  434/330/3  433/304/3  439/331/3
usemtl __TB_empty
f  440/331/4  436/304/4  435/330/4  437/329/4
usemtl __TB_empty
f  439/328/5  433/327/5  436/326/5  440/325/5
usemtl __TB_empty
f  440/266/6  437/324/6  438/323/6  439/124/6

o entity0_brush55
usemtl __TB_empty
f  441/305/1  442/332/1  443/333/1  444/334/1
usemtl __TB_empty
f  445/335/2  443/336/2  442/301/2  446/306/2
usemtl __TB_empty
f  446/337/3  442/338/3  441/302/3  447/307/3
usemtl __TB_empty
f  448/307/4  444/302/4  443/338/4  445/337/4
usemtl __TB_empty
f  447/306/5  441/301/5  444/336/5  448/335/5
usemtl __TB_empty
f  448/334/6  445/333/6  446/332/6  447/305/6

o entity0_brush56
usemtl __TB_empty
f  449/339/1  450/340/1  451/341/1  452/342/1
usemtl __TB_empty
f  453/343/2  451/344/2  450/345/2  454/346/2
usemtl __TB_empty
f  454/263/3  450/264/3  449/265/3  455/227/3
usemtl __TB_empty
f  456/227/4  452/265/4  451/264/4  453/263/4
usemtl __TB_empty
f  455/346/5  449/345/5  452/344/5  456/343/5
usemtl __TB_empty
f  456/342/6  453/341/6  454/340/6  455/339/6

o entity0_brush57
usemtl __TB_empty
f  457/347/1  458/348/1  459/341/1  460/342/1
usemtl __TB_empty
f  461/344/2  459/349/2  458/350/2  462/351/2
usemtl __TB_empty
f  462/264/3  458/266/3  457/267/3  463/265/3
usemtl __TB_empty
f  464/265/4  460/267/4  459/266/4  461/264/4
usemtl __TB_empty
f  463/351/5  457/350/5  460/349/5  464/344/5
usemtl __TB_empty
f  464/342/6  461/341/6  462/348/6  463/347/6

o entity0_brush58
usemtl __TB_empty
f  465/339/1  466/340/1  467/341/1  468/342/1
usemtl __TB_empty
f  469/349/2  467/352/2  466/353/2  470/300/2
usemtl __TB_empty
f  470/266/3  466/241/3  465/242/3  471/267/3
usemtl __TB_empty
f  472/267/4  468/242/4  467/241/4  469/266/4
usemtl __TB_empty
f  471/300/5  465/353/5  468/352/5  472/349/5
usemtl __TB_empty
f  472/342/6  469/341/6  470/340/6  471/339/6

o entity0_brush59
usemtl __TB_empty
f  473/354/1  474/355/1  475/356/1  476/357/1
usemtl __TB_empty
f  477/358/2  475/359/2  474/300/2  478/345/2
usemtl __TB_empty
f  478/270/3  474/271/3  473/272/3  479/273/3
usemtl __TB_empty
f  480/273/4  476/272/4  475/271/4  477/270/4
usemtl __TB_empty
f  479/345/5  473/300/5  476/359/5  480/358/5
usemtl __TB_empty
f  480/357/6  477/356/6  478/355/6  479/354/6

o entity0_brush60
usemtl __TB_empty
f  481/354/1  482/339/1  483/360/1  484/357/1
usemtl __TB_empty
f  485/359/2  483/361/2  482/362/2  486/300/2
usemtl __TB_empty
f  486/267/3  482/276/3  481/277/3  487/272/3
usemtl __TB_empty
f  488/272/4  484/277/4  483/276/4  485/267/4
usemtl __TB_empty
f  487/300/5  481/362/5  484/361/5  488/359/5
usemtl __TB_empty
f  488/357/6  485/360/6  486/339/6  487/354/6

o entity0_brush61
usemtl __TB_empty
f  489/354/1  490/339/1  491/360/1  492/357/1
usemtl __TB_empty
f  493/363/2  491/358/2  490/345/2  494/364/2
usemtl __TB_empty
f  494/280/3  490/265/3  489/273/3  495/281/3
usemtl __TB_empty
f  496/281/4  492/273/4  491/265/4  493/280/4
usemtl __TB_empty
f  495/364/5  489/345/5  492/358/5  496/363/5
usemtl __TB_empty
f  496/357/6  493/360/6  494/339/6  495/354/6

o entity0_brush62
usemtl __TB_empty
f  497/300/1  498/339/1  499/342/1  500/349/1
usemtl __TB_empty
f  501/365/2  499/366/2  498/367/2  502/368/2
usemtl __TB_empty
f  502/286/3  498/287/3  497/288/3  503/289/3
usemtl __TB_empty
f  504/289/4  500/288/4  499/287/4  501/286/4
usemtl __TB_empty
f  503/368/5  497/367/5  500/366/5  504/365/5
usemtl __TB_empty
f  504/349/6  501/342/6  502/339/6  503/300/6

o entity0_brush63
usemtl __TB_empty
f  505/354/1  506/355/1  507/356/1  508/357/1
usemtl __TB_empty
f  509/369/2  507/370/2  506/305/2  510/353/2
usemtl __TB_empty
f  510/254/3  506/255/3  505/250/3  511/256/3
usemtl __TB_empty
f  512/256/4  508/250/4  507/255/4  509/254/4
usemtl __TB_empty
f  511/353/5  505/305/5  508/370/5  512/369/5
usemtl __TB_empty
f  512/357/6  509/356/6  510/355/6  511/354/6

o entity0_brush64
usemtl __TB_empty
f  513/354/1  514/339/1  515/360/1  516/357/1
usemtl __TB_empty
f  517/371/2  515/369/2  514/353/2  518/372/2
usemtl __TB_empty
f  518/259/3  514/242/3  513/256/3  519/260/3
usemtl __TB_empty
f  520/260/4  516/256/4  515/242/4  517/259/4
usemtl __TB_empty
f  519/372/5  513/353/5  516/369/5  520/371/5
usemtl __TB_empty
f  520/357/6  517/360/6  518/339/6  519/354/6

o entity0_brush65
usemtl __TB_empty
f  521/354/1  522/339/1  523/360/1  524/357/1
usemtl __TB_empty
f  525/370/2  523/373/2  522/332/2  526/305/2
usemtl __TB_empty
f  526/235/3  522/248/3  521/249/3  527/250/3
usemtl __TB_empty
f  528/250/4  524/249/4  523/248/4  525/235/4
usemtl __TB_empty
f  527/305/5  521/332/5  524/373/5  528/370/5
usemtl __TB_empty
f  528/357/6  525/360/6  526/339/6  527/354/6

o entity0_brush66
usemtl __TB_empty
f  529/300/1  530/339/1  531/342/1  532/349/1
usemtl __TB_empty
f  533/342/2  531/341/2  530/340/2  534/339/2
usemtl __TB_empty
f  534/221/3  530/222/3  529/10/3  535/94/3
usemtl __TB_empty
f  536/94/4  532/10/4  531/222/4  533/221/4
usemtl __TB_empty
f  535/339/5  529/340/5  532/341/5  536/342/5
usemtl __TB_empty
f  536/349/6  533/342/6  534/339/6  535/300/6

o entity0_brush67
usemtl __TB_empty
f  537/339/1  538/340/1  539/341/1  540/342/1
usemtl __TB_empty
f  541/374/2  539/341/2  538/340/2  542/305/2
usemtl __TB_empty
f  542/233/3  538/234/3  537/222/3  543/235/3
usemtl __TB_empty
f  544/235/4  540/222/4  539/234/4  541/233/4
usemtl __TB_empty
f  543/305/5  537/340/5  540/341/5  544/374/5
usemtl __TB_empty
f  544/342/6  541/341/6  542/340/6  543/339/6

o entity0_brush68
usemtl __TB_empty
f  545/347/1  546/348/1  547/341/1  548/342/1
usemtl __TB_empty
f  549/352/2  547/374/2  546/375/2  550/376/2
usemtl __TB_empty
f  550/241/3  546/233/3  545/235/3  551/242/3
usemtl __TB_empty
f  552/242/4  548/235/4  547/233/4  549/241/4
usemtl __TB_empty
f  551/376/5  545/375/5  548/374/5  552/352/5
usemtl __TB_empty
f  552/342/6  549/341/6  550/348/6  551/347/6

o entity0_brush69
usemtl __TB_empty
f  553/300/1  554/339/1  555/342/1  556/349/1
usemtl __TB_empty
f  557/343/2  555/377/2  554/378/2  558/346/2
usemtl __TB_empty
f  558/227/3  554/228/3  553/229/3  559/230/3
usemtl __TB_empty
f  560/230/4  556/229/4  555/228/4  557/227/4
usemtl __TB_empty
f  559/346/5  553/378/5  556/377/5  560/343/5
usemtl __TB_empty
f  560/349/6  557/342/6  558/339/6  559/300/6

o entity0_brush70
usemtl __TB_empty
f  561/379/1  562/339/1  563/360/1  564/380/1
usemtl __TB_empty
f  565/381/2  563/382/2  562/299/2  566/340/2
usemtl __TB_empty
f  566/222/3  562/383/3  561/384/3  567/385/3
usemtl __TB_empty
f  568/385/4  564/384/4  563/383/4  565/222/4
usemtl __TB_empty
f  567/340/5  561/299/5  564/382/5  568/381/5
usemtl __TB_empty
f  568/380/6  565/360/6  566/339/6  567/379/6

o entity0_brush71
usemtl __TB_empty
f  569/349/1  570/386/1  571/387/1  572/388/1
usemtl __TB_empty
f  573/389/2  571/387/2  570/386/2  574/390/2
usemtl __TB_empty
f  574/303/3  570/8/3  569/9/3  575/304/3
usemtl __TB_empty
f  576/304/4  572/9/4  571/8/4  573/303/4
usemtl __TB_empty
f  575/390/5  569/386/5  572/387/5  576/389/5
usemtl __TB_empty
f  576/388/6  573/387/6  574/386/6  575/349/6

o entity0_brush72
usemtl __TB_empty
f  577/374/1  578/386/1  579/387/1  580/391/1
usemtl __TB_empty
f  581/392/2  579/389/2  578/390/2  582/393/2
usemtl __TB_empty
f  582/193/3  578/303/3  577/302/3  583/307/3
usemtl __TB_empty
f  584/307/4  580/302/4  579/303/4  581/193/4
usemtl __TB_empty
f  583/393/5  577/390/5  580/389/5  584/392/5
usemtl __TB_empty
f  584/391/6  581/387/6  582/386/6  583/374/6

o entity0_brush73
usemtl __TB_empty
f  585/391/1  586/394/1  587/395/1  588/396/1
usemtl __TB_empty
f  589/397/2  587/398/2  586/389/2  590/392/2
usemtl __TB_empty
f  590/337/3  586/338/3  585/302/3  591/307/3
usemtl __TB_empty
f  592/307/4  588/302/4  587/338/4  589/337/4
usemtl __TB_empty
f  591/392/5  585/389/5  588/398/5  592/397/5
usemtl __TB_empty
f  592/396/6  589/395/6  590/394/6  591/391/6

o entity0_brush74
usemtl __TB_empty
f  593/399/1  594/394/1  595/395/1  596/400/1
usemtl __TB_empty
f  597/398/2  595/401/2  594/402/2  598/389/2
usemtl __TB_empty
f  598/338/3  594/403/3  593/404/3  599/405/3
usemtl __TB_empty
f  600/405/4  596/404/4  595/403/4  597/338/4
usemtl __TB_empty
f  599/389/5  593/402/5  596/401/5  600/398/5
usemtl __TB_empty
f  600/400/6  597/395/6  598/394/6  599/399/6

o entity0_brush75
usemtl __TB_empty
f  601/388/1  602/406/1  603/407/1  604/82/1
usemtl __TB_empty
f  605/408/2  603/409/2  602/410/2  606/411/2
usemtl __TB_empty
f  606/92/3  602/93/3  601/10/3  607/94/3
usemtl __TB_empty
f  608/94/4  604/10/4  603/93/4  605/92/4
usemtl __TB_empty
f  607/411/5  601/410/5  604/409/5  608/408/5
usemtl __TB_empty
f  608/82/6  605/407/6  606/406/6  607/388/6

o entity0_brush76
usemtl __TB_empty
f  609/82/1  610/85/1  611/412/1  612/413/1
usemtl __TB_empty
f  613/414/2  611/415/2  610/290/2  614/84/2
usemtl __TB_empty
f  614/193/3  610/112/3  609/109/3  615/87/3
usemtl __TB_empty
f  616/87/4  612/109/4  611/112/4  613/193/4
usemtl __TB_empty
f  615/84/5  609/290/5  612/415/5  616/414/5
usemtl __TB_empty
f  616/413/6  613/412/6  614/85/6  615/82/6

o entity0_brush77
usemtl __TB_empty
f  617/416/1  618/387/1  619/85/1  620/417/1
usemtl __TB_empty
f  621/408/2  619/409/2  618/410/2  622/411/2
usemtl __TB_empty
f  622/34/3  618/7/3  617/5/3  623/418/3
usemtl __TB_empty
f  624/418/4  620/5/4  619/7/4  621/34/4
usemtl __TB_empty
f  623/411/5  617/410/5  620/409/5  624/408/5
usemtl __TB_empty
f  624/417/6  621/85/6  622/387/6  623/416/6

o entity0_brush78
usemtl __TB_empty
f  625/419/1  626/420/1  627/417/1  628/407/1
usemtl __TB_empty
f  629/408/2  627/409/2  626/421/2  630/422/2
usemtl __TB_empty
f  630/418/3  626/5/3  625/93/3  631/92/3
usemtl __TB_empty
f  632/92/4  628/93/4  627/5/4  629/418/4
usemtl __TB_empty
f  631/422/5  625/421/5  628/409/5  632/408/5
usemtl __TB_empty
f  632/407/6  629/417/6  630/420/6  631/419/6

o entity0_brush79
usemtl __TB_empty
f  633/388/1  634/391/1  635/423/1  636/424/1
usemtl __TB_empty
f  637/425/2  635/426/2  634/427/2  638/428/2
usemtl __TB_empty
f  638/429/3  634/430/3  633/431/3  639/432/3
usemtl __TB_empty
f  640/432/4  636/431/4  635/430/4  637/429/4
usemtl __TB_empty
f  639/428/5  633/427/5  636/426/5  640/425/5
usemtl __TB_empty
f  640/424/6  637/423/6  638/391/6  639/388/6

o entity0_brush80
usemtl __TB_empty
f  641/391/1  642/394/1  643/433/1  644/423/1
usemtl __TB_empty
f  645/425/2  643/434/2  642/435/2  646/428/2
usemtl __TB_empty
f  646/436/3  642/437/3  641/438/3  647/429/3
usemtl __TB_empty
f  648/429/4  644/438/4  643/437/4  645/436/4
usemtl __TB_empty
f  647/428/5  641/435/5  644/434/5  648/425/5
usemtl __TB_empty
f  648/423/6  645/433/6  646/394/6  647/391/6

o entity0_brush81
usemtl __TB_empty
f  649/388/1  650/391/1  651/423/1  652/424/1
usemtl __TB_empty
f  653/439/2  651/434/2  650/435/2  654/440/2
usemtl __TB_empty
f  654/441/3  650/438/3  649/442/3  655/443/3
usemtl __TB_empty
f  656/443/4  652/442/4  651/438/4  653/441/4
usemtl __TB_empty
f  655/440/5  649/435/5  652/434/5  656/439/5
usemtl __TB_empty
f  656/424/6  653/423/6  654/391/6  655/388/6

o entity0_brush82
usemtl __TB_empty
f  657/444/1  658/445/1  659/446/1  660/447/1
usemtl __TB_empty
f  661/224/2  659/282/2  658/285/2  662/225/2
usemtl __TB_empty
f  662/448/3  658/449/3  657/450/3  663/451/3
usemtl __TB_empty
f  664/451/4  660/450/4  659/449/4  661/448/4
usemtl __TB_empty
f  663/225/5  657/285/5  660/282/5  664/224/5
usemtl __TB_empty
f  664/447/6  661/446/6  662/445/6  663/444/6

o entity0_brush83
usemtl __TB_empty
f  665/452/1  666/453/1  667/454/1  668/455/1
usemtl __TB_empty
f  669/377/2  667/365/2  666/368/2  670/378/2
usemtl __TB_empty
f  670/448/3  666/449/3  665/450/3  671/451/3
usemtl __TB_empty
f  672/451/4  668/450/4  667/449/4  669/448/4
usemtl __TB_empty
f  671/378/5  665/368/5  668/365/5  672/377/5
usemtl __TB_empty
f  672/455/6  669/454/6  670/453/6  671/452/6

o entity0_brush84
usemtl __TB_empty
f  673/452/1  674/453/1  675/454/1  676/455/1
usemtl __TB_empty
f  677/366/2  675/342/2  674/339/2  678/367/2
usemtl __TB_empty
f  678/456/3  674/360/3  673/457/3  679/458/3
usemtl __TB_empty
f  680/458/4  676/457/4  675/360/4  677/456/4
usemtl __TB_empty
f  679/367/5  673/339/5  676/342/5  680/366/5
usemtl __TB_empty
f  680/455/6  677/454/6  678/453/6  679/452/6

o entity0_brush85
usemtl __TB_empty
f  681/444/1  682/445/1  683/446/1  684/447/1
usemtl __TB_empty
f  685/283/2  683/218/2  682/217/2  686/284/2
usemtl __TB_empty
f  686/456/3  682/360/3  681/457/3  687/458/3
usemtl __TB_empty
f  688/458/4  684/457/4  683/360/4  685/456/4
usemtl __TB_empty
f  687/284/5  681/217/5  684/218/5  688/283/5
usemtl __TB_empty
f  688/447/6  685/446/6  686/445/6  687/444/6

o entity0_brush86
usemtl __TB_empty
f  689/178/1  690/123/1  691/291/1  692/459/1
usemtl __TB_empty
f  693/460/2  691/461/2  690/462/2  694/125/2
usemtl __TB_empty
f  694/7/3  690/463/3  689/464/3  695/29/3
usemtl __TB_empty
f  696/29/4  692/464/4  691/463/4  693/7/4
usemtl __TB_empty
f  695/125/5  689/462/5  692/461/5  696/460/5
usemtl __TB_empty
f  696/459/6  693/291/6  694/123/6  695/178/6

o entity0_brush87
usemtl __TB_empty
f  697/465/1  698/178/1  699/459/1  700/466/1
usemtl __TB_empty
f  701/467/2  699/461/2  698/462/2  702/468/2
usemtl __TB_empty
f  702/469/3  698/464/3  697/470/3  703/471/3
usemtl __TB_empty
f  704/471/4  700/470/4  699/464/4  701/469/4
usemtl __TB_empty
f  703/468/5  697/462/5  700/461/5  704/467/5
usemtl __TB_empty
f  704/466/6  701/459/6  702/178/6  703/465/6

o entity0_brush88
usemtl __TB_empty
f  705/391/1  706/472/1  707/473/1  708/474/1
usemtl __TB_empty
f  709/409/2  707/85/2  706/387/2  710/410/2
usemtl __TB_empty
f  710/475/3  706/476/3  705/298/3  711/220/3
usemtl __TB_empty
f  712/220/4  708/298/4  707/476/4  709/475/4
usemtl __TB_empty
f  711/410/5  705/387/5  708/85/5  712/409/5
usemtl __TB_empty
f  712/474/6  709/473/6  710/472/6  711/391/6

o entity0_brush89
usemtl __TB_empty
f  713/4/1  714/194/1  715/195/1  716/164/1
usemtl __TB_empty
f  717/477/2  715/206/2  714/207/2  718/478/2
usemtl __TB_empty
f  718/479/3  714/208/3  713/480/3  719/481/3
usemtl __TB_empty
f  720/481/4  716/480/4  715/208/4  717/479/4
usemtl __TB_empty
f  719/478/5  713/207/5  716/206/5  720/477/5
usemtl __TB_empty
f  720/164/6  717/195/6  718/194/6  719/4/6

o entity0_brush90
usemtl __TB_empty
f  721/482/1  722/483/1  723/484/1  724/485/1
usemtl __TB_empty
f  725/486/2  723/487/2  722/488/2  726/489/2
usemtl __TB_empty
f  726/490/3  722/491/3  721/492/3  727/493/3
usemtl __TB_empty
f  728/493/4  724/492/4  723/491/4  725/490/4
usemtl __TB_empty
f  727/489/5  721/488/5  724/487/5  728/486/5
usemtl __TB_empty
f  728/485/6  725/484/6  726/483/6  727/482/6

o entity0_brush91
usemtl __TB_empty
f  729/482/1  730/483/1  731/494/1  732/495/1
usemtl __TB_empty
f  733/496/2  731/497/2  730/498/2  734/488/2
usemtl __TB_empty
f  734/491/3  730/499/3  729/500/3  735/492/3
usemtl __TB_empty
f  736/492/4  732/500/4  731/499/4  733/491/4
usemtl __TB_empty
f  735/488/5  729/498/5  732/497/5  736/496/5
usemtl __TB_empty
f  736/495/6  733/494/6  734/483/6  735/482/6

o entity0_brush92
usemtl __TB_empty
f  737/482/1  738/483/1  739/494/1  740/495/1
usemtl __TB_empty
f  741/494/2  739/501/2  738/489/2  742/483/2
usemtl __TB_empty
f  742/502/3  738/490/3  737/493/3  743/503/3
usemtl __TB_empty
f  744/503/4  740/493/4  739/490/4  741/502/4
usemtl __TB_empty
f  743/483/5  737/489/5  740/501/5  744/494/5
usemtl __TB_empty
f  744/495/6  741/494/6  742/483/6  743/482/6

o entity1_brush0
usemtl __TB_empty
f  745/504/1  746/505/1  747/506/1  748/507/1
usemtl __TB_empty
f  749/508/2  747/509/2  746/510/2  750/511/2
usemtl __TB_empty
f  750/512/3  746/513/3  745/514/3  751/515/3
usemtl __TB_empty
f  752/515/4  748/514/4  747/513/4  749/512/4
usemtl __TB_empty
f  751/511/5  745/510/5  748/509/5  752/508/5
usemtl __TB_empty
f  752/507/6  749/506/6  750/505/6  751/504/6

o entity1_brush1
usemtl __TB_empty
f  753/516/1  754/370/1  755/505/1  756/504/1
usemtl __TB_empty
f  757/517/2  755/518/2  754/519/2  758/520/2
usemtl __TB_empty
f  758/521/3  754/522/3  753/523/3  759/524/3
usemtl __TB_empty
f  760/524/4  756/523/4  755/522/4  757/521/4
usemtl __TB_empty
f  759/520/5  753/519/5  756/518/5  760/517/5
usemtl __TB_empty
f  760/504/6  757/505/6  758/370/6  759/516/6

o entity1_brush2
usemtl __TB_empty
f  761/525/1  762/526/1  763/527/1  764/528/1
usemtl __TB_empty
f  765/529/2  763/530/2  762/531/2  766/532/2
usemtl __TB_empty
f  766/533/3  762/534/3  761/535/3  767/536/3
usemtl __TB_empty
f  768/536/4  764/535/4  763/534/4  765/533/4
usemtl __TB_empty
f  767/532/5  761/531/5  764/530/5  768/529/5
usemtl __TB_empty
f  768/528/6  765/527/6  766/526/6  767/525/6

o entity1_brush3
usemtl __TB_empty
f  769/537/1  770/538/1  771/539/1  772/540/1
usemtl __TB_empty
f  773/541/2  771/542/2  770/543/2  774/544/2
usemtl __TB_empty
f  774/545/3  770/329/3  769/546/3  775/547/3
usemtl __TB_empty
f  776/547/4  772/546/4  771/329/4  773/545/4
usemtl __TB_empty
f  775/544/5  769/543/5  772/542/5  776/541/5
usemtl __TB_empty
f  776/540/6  773/539/6  774/538/6  775/537/6

o entity1_brush4
usemtl __TB_empty
f  777/548/1  778/549/1  779/550/1  780/551/1
usemtl __TB_empty
f  781/552/2  779/553/2  778/554/2  782/555/2
usemtl __TB_empty
f  782/556/3  778/557/3  777/558/3  783/559/3
usemtl __TB_empty
f  784/559/4  780/558/4  779/557/4  781/556/4
usemtl __TB_empty
f  783/555/5  777/554/5  780/553/5  784/552/5
usemtl __TB_empty
f  784/551/6  781/550/6  782/549/6  783/548/6

o entity1_brush5
usemtl __TB_empty
f  785/560/1  786/561/1  787/562/1  788/563/1
usemtl __TB_empty
f  789/564/2  787/565/2  786/566/2  790/567/2
usemtl __TB_empty
f  790/514/3  786/524/3  785/568/3  791/569/3
usemtl __TB_empty
f  792/569/4  788/568/4  787/524/4  789/514/4
usemtl __TB_empty
f  791/567/5  785/566/5  788/565/5  792/564/5
usemtl __TB_empty
f  792/563/6  789/562/6  790/561/6  791/560/6

o entity1_brush6
usemtl __TB_empty
f  793/507/1  794/506/1  795/570/1  796/571/1
usemtl __TB_empty
f  797/572/2  795/573/2  794/574/2  798/575/2
usemtl __TB_empty
f  798/576/3  794/577/3  793/578/3  799/579/3
usemtl __TB_empty
f  800/579/4  796/578/4  795/577/4  797/576/4
usemtl __TB_empty
f  799/575/5  793/574/5  796/573/5  800/572/5
usemtl __TB_empty
f  800/571/6  797/570/6  798/506/6  799/507/6

o entity1_brush7
usemtl __TB_empty
f  801/580/1  802/334/1  803/581/1  804/582/1
usemtl __TB_empty
f  805/583/2  803/584/2  802/585/2  806/586/2
usemtl __TB_empty
f  806/513/3  802/521/3  801/524/3  807/514/3
usemtl __TB_empty
f  808/514/4  804/524/4  803/521/4  805/513/4
usemtl __TB_empty
f  807/586/5  801/585/5  804/584/5  808/583/5
usemtl __TB_empty
f  808/582/6  805/581/6  806/334/6  807/580/6

o entity1_brush8
usemtl __TB_empty
f  809/582/1  810/581/1  811/587/1  812/588/1
usemtl __TB_empty
f  813/589/2  811/590/2  810/591/2  814/592/2
usemtl __TB_empty
f  814/577/3  810/512/3  809/515/3  815/578/3
usemtl __TB_empty
f  816/578/4  812/515/4  811/512/4  813/577/4
usemtl __TB_empty
f  815/592/5  809/591/5  812/590/5  816/589/5
usemtl __TB_empty
f  816/588/6  813/587/6  814/581/6  815/582/6

o entity1_brush9
usemtl __TB_empty
f  817/593/1  818/594/1  819/334/1  820/580/1
usemtl __TB_empty
f  821/595/2  819/596/2  818/597/2  822/598/2
usemtl __TB_empty
f  822/522/3  818/315/3  817/545/3  823/523/3
usemtl __TB_empty
f  824/523/4  820/545/4  819/315/4  821/522/4
usemtl __TB_empty
f  823/598/5  817/597/5  820/596/5  824/595/5
usemtl __TB_empty
f  824/580/6  821/334/6  822/594/6  823/593/6

o entity1_brush10
usemtl __TB_empty
f  825/599/1  826/600/1  827/601/1  828/602/1
usemtl __TB_empty
f  829/603/2  827/604/2  826/605/2  830/606/2
usemtl __TB_empty
f  830/523/3  826/545/3  825/547/3  831/607/3
usemtl __TB_empty
f  832/607/4  828/547/4  827/545/4  829/523/4
usemtl __TB_empty
f  831/606/5  825/605/5  828/604/5  832/603/5
usemtl __TB_empty
f  832/602/6  829/601/6  830/600/6  831/599/6

o entity1_brush11
usemtl __TB_empty
f  833/608/1  834/609/1  835/610/1  836/611/1
usemtl __TB_empty
f  837/612/2  835/613/2  834/614/2  838/615/2
usemtl __TB_empty
f  838/523/3  834/545/3  833/547/3  839/607/3
usemtl __TB_empty
f  840/607/4  836/547/4  835/545/4  837/523/4
usemtl __TB_empty
f  839/615/5  833/614/5  836/613/5  840/612/5
usemtl __TB_empty
f  840/611/6  837/610/6  838/609/6  839/608/6

o entity1_brush12
usemtl __TB_empty
f  841/616/1  842/617/1  843/618/1  844/619/1
usemtl __TB_empty
f  845/620/2  843/621/2  842/622/2  846/623/2
usemtl __TB_empty
f  846/578/3  842/515/3  841/624/3  847/625/3
usemtl __TB_empty
f  848/625/4  844/624/4  843/515/4  845/578/4
usemtl __TB_empty
f  847/623/5  841/622/5  844/621/5  848/620/5
usemtl __TB_empty
f  848/619/6  845/618/6  846/617/6  847/616/6

o entity1_brush13
usemtl __TB_empty
f  849/626/1  850/627/1  851/628/1  852/629/1
usemtl __TB_empty
f  853/630/2  851/631/2  850/632/2  854/633/2
usemtl __TB_empty
f  854/329/3  850/330/3  849/405/3  855/546/3
usemtl __TB_empty
f  856/546/4  852/405/4  851/330/4  853/329/4
usemtl __TB_empty
f  855/633/5  849/632/5  852/631/5  856/630/5
usemtl __TB_empty
f  856/629/6  853/628/6  854/627/6  855/626/6

o entity1_brush14
usemtl __TB_empty
f  857/634/1  858/305/1  859/370/1  860/516/1
usemtl __TB_empty
f  861/635/2  859/636/2  858/637/2  862/638/2
usemtl __TB_empty
f  862/315/3  858/639/3  857/329/3  863/545/3
usemtl __TB_empty
f  864/545/4  860/329/4  859/639/4  861/315/4
usemtl __TB_empty
f  863/638/5  857/637/5  860/636/5  864/635/5
usemtl __TB_empty
f  864/516/6  861/370/6  862/305/6  863/634/6

o entity1_brush15
usemtl __TB_empty
f  865/640/1  866/641/1  867/549/1  868/548/1
usemtl __TB_empty
f  869/606/2  867/605/2  866/642/2  870/643/2
usemtl __TB_empty
f  870/644/3  866/645/3  865/646/3  871/647/3
usemtl __TB_empty
f  872/647/4  868/646/4  867/645/4  869/644/4
usemtl __TB_empty
f  871/643/5  865/642/5  868/605/5  872/606/5
usemtl __TB_empty
f  872/548/6  869/549/6  870/641/6  871/640/6

o entity1_brush16
usemtl __TB_empty
f  873/648/1  874/649/1  875/650/1  876/651/1
usemtl __TB_empty
f  877/652/2  875/653/2  874/553/2  878/552/2
usemtl __TB_empty
f  878/329/3  874/330/3  873/405/3  879/546/3
usemtl __TB_empty
f  880/546/4  876/405/4  875/330/4  877/329/4
usemtl __TB_empty
f  879/552/5  873/553/5  876/653/5  880/652/5
usemtl __TB_empty
f  880/651/6  877/650/6  878/649/6  879/648/6

o entity1_brush17
usemtl __TB_empty
f  881/563/1  882/562/1  883/654/1  884/655/1
usemtl __TB_empty
f  885/656/2  883/657/2  882/658/2  886/659/2
usemtl __TB_empty
f  886/545/3  882/329/3  881/546/3  887/547/3
usemtl __TB_empty
f  888/547/4  884/546/4  883/329/4  885/545/4
usemtl __TB_empty
f  887/659/5  881/658/5  884/657/5  888/656/5
usemtl __TB_empty
f  888/655/6  885/654/6  886/562/6  887/563/6

o entity1_brush18
usemtl __TB_empty
f  889/634/1  890/305/1  891/594/1  892/593/1
usemtl __TB_empty
f  893/660/2  891/661/2  890/301/2  894/637/2
usemtl __TB_empty
f  894/639/3  890/302/3  889/330/3  895/329/3
usemtl __TB_empty
f  896/329/4  892/330/4  891/302/4  893/639/4
usemtl __TB_empty
f  895/637/5  889/301/5  892/661/5  896/660/5
usemtl __TB_empty
f  896/593/6  893/594/6  894/305/6  895/634/6

o entity1_brush19
usemtl __TB_empty
f  897/662/1  898/663/1  899/609/1  900/608/1
usemtl __TB_empty
f  901/664/2  899/665/2  898/666/2  902/667/2
usemtl __TB_empty
f  902/515/3  898/514/3  897/569/3  903/624/3
usemtl __TB_empty
f  904/624/4  900/569/4  899/514/4  901/515/4
usemtl __TB_empty
f  903/667/5  897/666/5  900/665/5  904/664/5
usemtl __TB_empty
f  904/608/6  901/609/6  902/663/6  903/662/6

o entity1_brush20
usemtl __TB_empty
f  905/668/1  906/669/1  907/670/1  908/671/1
usemtl __TB_empty
f  909/544/2  907/543/2  906/672/2  910/673/2
usemtl __TB_empty
f  910/645/3  906/556/3  905/559/3  911/646/3
usemtl __TB_empty
f  912/646/4  908/559/4  907/556/4  909/645/4
usemtl __TB_empty
f  911/673/5  905/672/5  908/543/5  912/544/5
usemtl __TB_empty
f  912/671/6  909/670/6  910/669/6  911/668/6

o entity1_brush21
usemtl __TB_empty
f  913/526/1  914/674/1  915/675/1  916/527/1
usemtl __TB_empty
f  917/529/2  915/676/2  914/677/2  918/532/2
usemtl __TB_empty
f  918/678/3  914/576/3  913/679/3  919/533/3
usemtl __TB_empty
f  920/533/4  916/679/4  915/576/4  917/678/4
usemtl __TB_empty
f  919/532/5  913/677/5  916/676/5  920/529/5
usemtl __TB_empty
f  920/527/6  917/675/6  918/674/6  919/526/6

o entity1_brush22
usemtl __TB_empty
f  921/619/1  922/618/1  923/627/1  924/626/1
usemtl __TB_empty
f  925/680/2  923/681/2  922/682/2  926/683/2
usemtl __TB_empty
f  926/524/3  922/523/3  921/607/3  927/568/3
usemtl __TB_empty
f  928/568/4  924/607/4  923/523/4  925/524/4
usemtl __TB_empty
f  927/683/5  921/682/5  924/681/5  928/680/5
usemtl __TB_empty
f  928/626/6  925/627/6  926/618/6  927/619/6

o entity1_brush23
usemtl __TB_empty
f  929/684/1  930/587/1  931/685/1  932/686/1
usemtl __TB_empty
f  933/687/2  931/688/2  930/689/2  934/690/2
usemtl __TB_empty
f  934/678/3  930/576/3  929/691/3  935/536/3
usemtl __TB_empty
f  936/536/4  932/691/4  931/576/4  933/678/4
usemtl __TB_empty
f  935/690/5  929/689/5  932/688/5  936/687/5
usemtl __TB_empty
f  936/686/6  933/685/6  934/587/6  935/684/6

o entity1_brush24
usemtl __TB_empty
f  937/686/1  938/692/1  939/693/1  940/694/1
usemtl __TB_empty
f  941/695/2  939/696/2  938/697/2  942/687/2
usemtl __TB_empty
f  942/533/3  938/534/3  937/535/3  943/536/3
usemtl __TB_empty
f  944/536/4  940/535/4  939/534/4  941/533/4
usemtl __TB_empty
f  943/687/5  937/697/5  940/696/5  944/695/5
usemtl __TB_empty
f  944/694/6  941/693/6  942/692/6  943/686/6

o entity1_brush25
usemtl __TB_empty
f  945/698/1  946/699/1  947/649/1  948/648/1
usemtl __TB_empty
f  949/700/2  947/701/2  946/702/2  950/703/2
usemtl __TB_empty
f  950/524/3  946/523/3  945/607/3  951/568/3
usemtl __TB_empty
f  952/568/4  948/607/4  947/523/4  949/524/4
usemtl __TB_empty
f  951/703/5  945/702/5  948/701/5  952/700/5
usemtl __TB_empty
f  952/648/6  949/649/6  950/699/6  951/698/6

o entity1_brush26
usemtl __TB_empty
f  953/704/1  954/705/1  955/538/1  956/537/1
usemtl __TB_empty
f  957/706/2  955/707/2  954/708/2  958/709/2
usemtl __TB_empty
f  958/514/3  954/524/3  953/568/3  959/569/3
usemtl __TB_empty
f  960/569/4  956/568/4  955/524/4  957/514/4
usemtl __TB_empty
f  959/709/5  953/708/5  956/707/5  960/706/5
usemtl __TB_empty
f  960/537/6  957/538/6  958/705/6  959/704/6

o entity1_brush27
usemtl __TB_empty
f  961/710/1  962/711/1  963/669/1  964/668/1
usemtl __TB_empty
f  965/703/2  963/702/2  962/712/2  966/713/2
usemtl __TB_empty
f  966/714/3  962/644/3  961/647/3  967/715/3
usemtl __TB_empty
f  968/715/4  964/647/4  963/644/4  965/714/4
usemtl __TB_empty
f  967/713/5  961/712/5  964/702/5  968/703/5
usemtl __TB_empty
f  968/668/6  965/669/6  966/711/6  967/710/6

o entity1_brush28
usemtl __TB_empty
f  969/593/1  970/716/1  971/717/1  972/504/1
usemtl __TB_empty
f  973/718/2  971/719/2  970/661/2  974/660/2
usemtl __TB_empty
f  974/720/3  970/721/3  969/330/3  975/329/3
usemtl __TB_empty
f  976/329/4  972/330/4  971/721/4  973/720/4
usemtl __TB_empty
f  975/660/5  969/661/5  972/719/5  976/718/5
usemtl __TB_empty
f  976/504/6  973/717/6  974/716/6  975/593/6

o entity1_brush29
usemtl __TB_empty
f  977/722/1  978/570/1  979/723/1  980/724/1
usemtl __TB_empty
f  981/725/2  979/625/2  978/573/2  982/572/2
usemtl __TB_empty
f  982/576/3  978/577/3  977/726/3  983/679/3
usemtl __TB_empty
f  984/679/4  980/726/4  979/577/4  981/576/4
usemtl __TB_empty
f  983/572/5  977/573/5  980/625/5  984/725/5
usemtl __TB_empty
f  984/724/6  981/723/6  982/570/6  983/722/6

o entity1_brush30
usemtl __TB_empty
f  985/692/1  986/685/1  987/727/1  988/693/1
usemtl __TB_empty
f  989/695/2  987/728/2  986/688/2  990/687/2
usemtl __TB_empty
f  990/678/3  986/576/3  985/679/3  991/533/3
usemtl __TB_empty
f  992/533/4  988/679/4  987/576/4  989/678/4
usemtl __TB_empty
f  991/687/5  985/688/5  988/728/5  992/695/5
usemtl __TB_empty
f  992/693/6  989/727/6  990/685/6  991/692/6

o entity1_brush31
usemtl __TB_empty
f  993/516/1  994/729/1  995/730/1  996/582/1
usemtl __TB_empty
f  997/731/2  995/732/2  994/636/2  998/635/2
usemtl __TB_empty
f  998/733/3  994/720/3  993/329/3  999/545/3
usemtl __TB_empty
f  1000/545/4  996/329/4  995/720/4  997/733/4
usemtl __TB_empty
f  999/635/5  993/636/5  996/732/5  1000/731/5
usemtl __TB_empty
f  1000/582/6  997/730/6  998/729/6  999/516/6

o entity1_brush32
usemtl __TB_empty
f  1001/580/1  1002/734/1  1003/735/1  1004/507/1
usemtl __TB_empty
f  1005/736/2  1003/737/2  1002/596/2  1006/595/2
usemtl __TB_empty
f  1006/738/3  1002/733/3  1001/545/3  1007/523/3
usemtl __TB_empty
f  1008/523/4  1004/545/4  1003/733/4  1005/738/4
usemtl __TB_empty
f  1007/595/5  1001/596/5  1004/737/5  1008/736/5
usemtl __TB_empty
f  1008/507/6  1005/735/6  1006/734/6  1007/580/6

o entity1_brush33
usemtl __TB_empty
f  1009/504/1  1010/717/1  1011/739/1  1012/588/1
usemtl __TB_empty
f  1013/740/2  1011/741/2  1010/518/2  1014/517/2
usemtl __TB_empty
f  1014/742/3  1010/738/3  1009/523/3  1015/524/3
usemtl __TB_empty
f  1016/524/4  1012/523/4  1011/738/4  1013/742/4
usemtl __TB_empty
f  1015/517/5  1009/518/5  1012/741/5  1016/740/5
usemtl __TB_empty
f  1016/588/6  1013/739/6  1014/717/6  1015/504/6

o entity1_brush34
usemtl __TB_empty
f  1017/582/1  1018/730/1  1019/743/1  1020/571/1
usemtl __TB_empty
f  1021/744/2  1019/745/2  1018/584/2  1022/583/2
usemtl __TB_empty
f  1022/746/3  1018/742/3  1017/524/3  1023/514/3
usemtl __TB_empty
f  1024/514/4  1020/524/4  1019/742/4  1021/746/4
usemtl __TB_empty
f  1023/583/5  1017/584/5  1020/745/5  1024/744/5
usemtl __TB_empty
f  1024/571/6  1021/743/6  1022/730/6  1023/582/6

o entity1_brush35
usemtl __TB_empty
f  1025/747/1  1026/370/1  1027/581/1  1028/748/1
usemtl __TB_empty
f  1029/731/2  1027/732/2  1026/636/2  1030/635/2
usemtl __TB_empty
f  1030/315/3  1026/639/3  1025/749/3  1031/316/3
usemtl __TB_empty
f  1032/316/4  1028/749/4  1027/639/4  1029/315/4
usemtl __TB_empty
f  1031/635/5  1025/636/5  1028/732/5  1032/731/5
usemtl __TB_empty
f  1032/748/6  1029/581/6  1030/370/6  1031/747/6

o entity1_brush36
usemtl __TB_empty
f  1033/750/1  1034/334/1  1035/506/1  1036/751/1
usemtl __TB_empty
f  1037/736/2  1035/737/2  1034/596/2  1038/595/2
usemtl __TB_empty
f  1038/522/3  1034/315/3  1033/316/3  1039/752/3
usemtl __TB_empty
f  1040/752/4  1036/316/4  1035/315/4  1037/522/4
usemtl __TB_empty
f  1039/595/5  1033/596/5  1036/737/5  1040/736/5
usemtl __TB_empty
f  1040/751/6  1037/506/6  1038/334/6  1039/750/6

o entity1_brush37
usemtl __TB_empty
f  1041/753/1  1042/594/1  1043/505/1  1044/754/1
usemtl __TB_empty
f  1045/718/2  1043/719/2  1042/661/2  1046/660/2
usemtl __TB_empty
f  1046/639/3  1042/302/3  1041/755/3  1047/749/3
usemtl __TB_empty
f  1048/749/4  1044/755/4  1043/302/4  1045/639/4
usemtl __TB_empty
f  1047/660/5  1041/661/5  1044/719/5  1048/718/5
usemtl __TB_empty
f  1048/754/6  1045/505/6  1046/594/6  1047/753/6

o entity1_brush38
usemtl __TB_empty
f  1049/748/1  1050/581/1  1051/570/1  1052/722/1
usemtl __TB_empty
f  1053/744/2  1051/745/2  1050/584/2  1054/583/2
usemtl __TB_empty
f  1054/513/3  1050/521/3  1049/756/3  1055/757/3
usemtl __TB_empty
f  1056/757/4  1052/756/4  1051/521/4  1053/513/4
usemtl __TB_empty
f  1055/583/5  1049/584/5  1052/745/5  1056/744/5
usemtl __TB_empty
f  1056/722/6  1053/570/6  1054/581/6  1055/748/6

o entity1_brush39
usemtl __TB_empty
f  1057/751/1  1058/506/1  1059/685/1  1060/692/1
usemtl __TB_empty
f  1061/758/2  1059/746/2  1058/509/2  1062/508/2
usemtl __TB_empty
f  1062/512/3  1058/513/3  1057/757/3  1063/759/3
usemtl __TB_empty
f  1064/759/4  1060/757/4  1059/513/4  1061/512/4
usemtl __TB_empty
f  1063/508/5  1057/509/5  1060/746/5  1064/758/5
usemtl __TB_empty
f  1064/692/6  1061/685/6  1062/506/6  1063/751/6

o entity1_brush40
usemtl __TB_empty
f  1065/754/1  1066/505/1  1067/587/1  1068/760/1
usemtl __TB_empty
f  1069/740/2  1067/741/2  1066/518/2  1070/517/2
usemtl __TB_empty
f  1070/521/3  1066/522/3  1065/752/3  1071/756/3
usemtl __TB_empty
f  1072/756/4  1068/752/4  1067/522/4  1069/521/4
usemtl __TB_empty
f  1071/517/5  1065/518/5  1068/741/5  1072/740/5
usemtl __TB_empty
f  1072/760/6  1069/587/6  1070/505/6  1071/754/6

o entity1_brush41
usemtl __TB_empty
f  1073/760/1  1074/587/1  1075/375/1  1076/761/1
usemtl __TB_empty
f  1077/578/2  1075/515/2  1074/590/2  1078/589/2
usemtl __TB_empty
f  1078/577/3  1074/512/3  1073/759/3  1079/726/3
usemtl __TB_empty
f  1080/726/4  1076/759/4  1075/512/4  1077/577/4
usemtl __TB_empty
f  1079/589/5  1073/590/5  1076/515/5  1080/578/5
usemtl __TB_empty
f  1080/761/6  1077/375/6  1078/587/6  1079/760/6

o entity1_brush42
usemtl __TB_empty
f  1081/762/1  1082/763/1  1083/764/1  1084/765/1
usemtl __TB_empty
f  1085/766/2  1083/767/2  1082/768/2  1086/769/2
usemtl __TB_empty
f  1086/522/3  1082/315/3  1081/545/3  1087/523/3
usemtl __TB_empty
f  1088/523/4  1084/545/4  1083/315/4  1085/522/4
usemtl __TB_empty
f  1087/769/5  1081/768/5  1084/767/5  1088/766/5
usemtl __TB_empty
f  1088/765/6  1085/764/6  1086/763/6  1087/762/6

o entity1_brush43
usemtl __TB_empty
f  1089/324/1  1090/233/1  1091/235/1  1092/770/1
usemtl __TB_empty
f  1093/771/2  1091/772/2  1090/773/2  1094/774/2
usemtl __TB_empty
f  1094/521/3  1090/522/3  1089/523/3  1095/524/3
usemtl __TB_empty
f  1096/524/4  1092/523/4  1091/522/4  1093/521/4
usemtl __TB_empty
f  1095/774/5  1089/773/5  1092/772/5  1096/771/5
usemtl __TB_empty
f  1096/770/6  1093/235/6  1094/233/6  1095/324/6

o entity1_brush44
usemtl __TB_empty
f  1097/765/1  1098/764/1  1099/775/1  1100/776/1
usemtl __TB_empty
f  1101/777/2  1099/778/2  1098/779/2  1102/780/2
usemtl __TB_empty
f  1102/513/3  1098/521/3  1097/524/3  1103/514/3
usemtl __TB_empty
f  1104/514/4  1100/524/4  1099/521/4  1101/513/4
usemtl __TB_empty
f  1103/780/5  1097/779/5  1100/778/5  1104/777/5
usemtl __TB_empty
f  1104/776/6  1101/775/6  1102/764/6  1103/765/6

o entity1_brush45
usemtl __TB_empty
f  1105/770/1  1106/235/1  1107/255/1  1108/781/1
usemtl __TB_empty
f  1109/782/2  1107/783/2  1106/784/2  1110/785/2
usemtl __TB_empty
f  1110/512/3  1106/513/3  1105/514/3  1111/515/3
usemtl __TB_empty
f  1112/515/4  1108/514/4  1107/513/4  1109/512/4
usemtl __TB_empty
f  1111/785/5  1105/784/5  1108/783/5  1112/782/5
usemtl __TB_empty
f  1112/781/6  1109/255/6  1110/235/6  1111/770/6

o entity1_brush46
usemtl __TB_empty
f  1113/323/1  1114/232/1  1115/233/1  1116/324/1
usemtl __TB_empty
f  1117/311/2  1115/325/2  1114/328/2  1118/312/2
usemtl __TB_empty
f  1118/315/3  1114/639/3  1113/329/3  1119/545/3
usemtl __TB_empty
f  1120/545/4  1116/329/4  1115/639/4  1117/315/4
usemtl __TB_empty
f  1119/312/5  1113/328/5  1116/325/5  1120/311/5
usemtl __TB_empty
f  1120/324/6  1117/233/6  1118/232/6  1119/323/6

o entity1_brush47
usemtl __TB_empty
f  1121/776/1  1122/775/1  1123/250/1  1124/786/1
usemtl __TB_empty
f  1125/787/2  1123/788/2  1122/789/2  1126/790/2
usemtl __TB_empty
f  1126/577/3  1122/512/3  1121/515/3  1127/578/3
usemtl __TB_empty
f  1128/578/4  1124/515/4  1123/512/4  1125/577/4
usemtl __TB_empty
f  1127/790/5  1121/789/5  1124/788/5  1128/787/5
usemtl __TB_empty
f  1128/786/6  1125/250/6  1126/775/6  1127/776/6

o entity1_brush48
usemtl __TB_empty
f  1129/781/1  1130/255/1  1131/791/1  1132/792/1
usemtl __TB_empty
f  1133/793/2  1131/794/2  1130/795/2  1134/796/2
usemtl __TB_empty
f  1134/576/3  1130/577/3  1129/578/3  1135/579/3
usemtl __TB_empty
f  1136/579/4  1132/578/4  1131/577/4  1133/576/4
usemtl __TB_empty
f  1135/796/5  1129/795/5  1132/794/5  1136/793/5
usemtl __TB_empty
f  1136/792/6  1133/791/6  1134/255/6  1135/781/6

o entity1_brush49
usemtl __TB_empty
f  1137/324/1  1138/797/1  1139/798/1  1140/776/1
usemtl __TB_empty
f  1141/799/2  1139/800/2  1138/325/2  1142/311/2
usemtl __TB_empty
f  1142/733/3  1138/720/3  1137/329/3  1143/545/3
usemtl __TB_empty
f  1144/545/4  1140/329/4  1139/720/4  1141/733/4
usemtl __TB_empty
f  1143/311/5  1137/325/5  1140/800/5  1144/799/5
usemtl __TB_empty
f  1144/776/6  1141/798/6  1142/797/6  1143/324/6

o entity1_brush50
usemtl __TB_empty
f  1145/770/1  1146/801/1  1147/802/1  1148/786/1
usemtl __TB_empty
f  1149/803/2  1147/804/2  1146/772/2  1150/771/2
usemtl __TB_empty
f  1150/742/3  1146/738/3  1145/523/3  1151/524/3
usemtl __TB_empty
f  1152/524/4  1148/523/4  1147/738/4  1149/742/4
usemtl __TB_empty
f  1151/771/5  1145/772/5  1148/804/5  1152/803/5
usemtl __TB_empty
f  1152/786/6  1149/802/6  1150/801/6  1151/770/6

o entity1_brush51
usemtl __TB_empty
f  1153/762/1  1154/805/1  1155/801/1  1156/770/1
usemtl __TB_empty
f  1157/806/2  1155/807/2  1154/808/2  1158/809/2
usemtl __TB_empty
f  1158/720/3  1154/721/3  1153/330/3  1159/329/3
usemtl __TB_empty
f  1160/329/4  1156/330/4  1155/721/4  1157/720/4
usemtl __TB_empty
f  1159/809/5  1153/808/5  1156/807/5  1160/806/5
usemtl __TB_empty
f  1160/770/6  1157/801/6  1158/805/6  1159/762/6

o entity1_brush52
usemtl __TB_empty
f  1161/810/1  1162/811/1  1163/812/1  1164/813/1
usemtl __TB_empty
f  1165/615/2  1163/614/2  1162/814/2  1166/815/2
usemtl __TB_empty
f  1166/644/3  1162/645/3  1161/646/3  1167/647/3
usemtl __TB_empty
f  1168/647/4  1164/646/4  1163/645/4  1165/644/4
usemtl __TB_empty
f  1167/815/5  1161/814/5  1164/614/5  1168/615/5
usemtl __TB_empty
f  1168/813/6  1165/812/6  1166/811/6  1167/810/6

o entity1_brush53
usemtl __TB_empty
f  1169/272/1  1170/250/1  1171/674/1  1172/525/1
usemtl __TB_empty
f  1173/532/2  1171/677/2  1170/816/2  1174/817/2
usemtl __TB_empty
f  1174/678/3  1170/576/3  1169/691/3  1175/536/3
usemtl __TB_empty
f  1176/536/4  1172/691/4  1171/576/4  1173/678/4
usemtl __TB_empty
f  1175/817/5  1169/816/5  1172/677/5  1176/532/5
usemtl __TB_empty
f  1176/525/6  1173/674/6  1174/250/6  1175/272/6

o entity1_brush54
usemtl __TB_empty
f  1177/818/1  1178/819/1  1179/811/1  1180/810/1
usemtl __TB_empty
f  1181/567/2  1179/566/2  1178/820/2  1182/821/2
usemtl __TB_empty
f  1182/822/3  1178/714/3  1177/715/3  1183/823/3
usemtl __TB_empty
f  1184/823/4  1180/715/4  1179/714/4  1181/822/4
usemtl __TB_empty
f  1183/821/5  1177/820/5  1180/566/5  1184/567/5
usemtl __TB_empty
f  1184/810/6  1181/811/6  1182/819/6  1183/818/6

o entity1_brush55
usemtl __TB_empty
f  1185/824/1  1186/825/1  1187/826/1  1188/827/1
usemtl __TB_empty
f  1189/683/2  1187/682/2  1186/828/2  1190/829/2
usemtl __TB_empty
f  1190/714/3  1186/644/3  1185/647/3  1191/715/3
usemtl __TB_empty
f  1192/715/4  1188/647/4  1187/644/4  1189/714/4
usemtl __TB_empty
f  1191/829/5  1185/828/5  1188/682/5  1192/683/5
usemtl __TB_empty
f  1192/827/6  1189/826/6  1190/825/6  1191/824/6

o entity1_brush56
usemtl __TB_empty
f  1193/830/1  1194/831/1  1195/832/1  1196/833/1
usemtl __TB_empty
f  1197/834/2  1195/835/2  1194/836/2  1198/837/2
usemtl __TB_empty
f  1198/838/3  1194/839/3  1193/840/3  1199/841/3
usemtl __TB_empty
f  1200/841/4  1196/840/4  1195/839/4  1197/838/4
usemtl __TB_empty
f  1199/837/5  1193/836/5  1196/835/5  1200/834/5
usemtl __TB_empty
f  1200/833/6  1197/832/6  1198/831/6  1199/830/6

o entity1_brush57
usemtl __TB_empty
f  1201/842/1  1202/843/1  1203/819/1  1204/818/1
usemtl __TB_empty
f  1205/623/2  1203/622/2  1202/844/2  1206/845/2
usemtl __TB_empty
f  1206/839/3  1202/846/3  1201/847/3  1207/840/3
usemtl __TB_empty
f  1208/840/4  1204/847/4  1203/846/4  1205/839/4
usemtl __TB_empty
f  1207/845/5  1201/844/5  1204/622/5  1208/623/5
usemtl __TB_empty
f  1208/818/6  1205/819/6  1206/843/6  1207/842/6

o entity1_brush58
usemtl __TB_empty
f  1209/827/1  1210/826/1  1211/848/1  1212/849/1
usemtl __TB_empty
f  1213/659/2  1211/658/2  1210/850/2  1214/851/2
usemtl __TB_empty
f  1214/645/3  1210/556/3  1209/559/3  1215/646/3
usemtl __TB_empty
f  1216/646/4  1212/559/4  1211/556/4  1213/645/4
usemtl __TB_empty
f  1215/851/5  1209/850/5  1212/658/5  1216/659/5
usemtl __TB_empty
f  1216/849/6  1213/848/6  1214/826/6  1215/827/6

o entity1_brush59
usemtl __TB_empty
f  1217/813/1  1218/812/1  1219/852/1  1220/853/1
usemtl __TB_empty
f  1221/633/2  1219/632/2  1218/854/2  1222/855/2
usemtl __TB_empty
f  1222/556/3  1218/557/3  1217/558/3  1223/559/3
usemtl __TB_empty
f  1224/559/4  1220/558/4  1219/557/4  1221/556/4
usemtl __TB_empty
f  1223/855/5  1217/854/5  1220/632/5  1224/633/5
usemtl __TB_empty
f  1224/853/6  1221/852/6  1222/812/6  1223/813/6

o entity1_brush60
usemtl __TB_empty
f  1225/833/1  1226/832/1  1227/825/1  1228/824/1
usemtl __TB_empty
f  1229/667/2  1227/666/2  1226/856/2  1230/857/2
usemtl __TB_empty
f  1230/846/3  1226/822/3  1225/823/3  1231/847/3
usemtl __TB_empty
f  1232/847/4  1228/823/4  1227/822/4  1229/846/4
usemtl __TB_empty
f  1231/857/5  1225/856/5  1228/666/5  1232/667/5
usemtl __TB_empty
f  1232/824/6  1229/825/6  1230/832/6  1231/833/6

o entity1_brush61
usemtl __TB_empty
f  1233/765/1  1234/858/1  1235/859/1  1236/781/1
usemtl __TB_empty
f  1237/860/2  1235/861/2  1234/767/2  1238/766/2
usemtl __TB_empty
f  1238/738/3  1234/733/3  1233/545/3  1239/523/3
usemtl __TB_empty
f  1240/523/4  1236/545/4  1235/733/4  1237/738/4
usemtl __TB_empty
f  1239/766/5  1233/767/5  1236/861/5  1240/860/5
usemtl __TB_empty
f  1240/781/6  1237/859/6  1238/858/6  1239/765/6

o entity1_brush62
usemtl __TB_empty
f  1241/862/1  1242/863/1  1243/561/1  1244/560/1
usemtl __TB_empty
f  1245/864/2  1243/865/2  1242/835/2  1246/834/2
usemtl __TB_empty
f  1246/579/3  1242/578/3  1241/625/3  1247/725/3
usemtl __TB_empty
f  1248/725/4  1244/625/4  1243/578/4  1245/579/4
usemtl __TB_empty
f  1247/834/5  1241/835/5  1244/865/5  1248/864/5
usemtl __TB_empty
f  1248/560/6  1245/561/6  1246/863/6  1247/862/6

o entity1_brush63
usemtl __TB_empty
f  1249/786/1  1250/802/1  1251/866/1  1252/867/1
usemtl __TB_empty
f  1253/868/2  1251/869/2  1250/788/2  1254/787/2
usemtl __TB_empty
f  1254/870/3  1250/758/3  1249/515/3  1255/578/3
usemtl __TB_empty
f  1256/578/4  1252/515/4  1251/758/4  1253/870/4
usemtl __TB_empty
f  1255/787/5  1249/788/5  1252/869/5  1256/868/5
usemtl __TB_empty
f  1256/867/6  1253/866/6  1254/802/6  1255/786/6

o entity1_brush64
usemtl __TB_empty
f  1257/871/1  1258/235/1  1259/250/1  1260/872/1
usemtl __TB_empty
f  1261/803/2  1259/804/2  1258/772/2  1262/771/2
usemtl __TB_empty
f  1262/521/3  1258/522/3  1257/752/3  1263/756/3
usemtl __TB_empty
f  1264/756/4  1260/752/4  1259/522/4  1261/521/4
usemtl __TB_empty
f  1263/771/5  1257/772/5  1260/804/5  1264/803/5
usemtl __TB_empty
f  1264/872/6  1261/250/6  1262/235/6  1263/871/6

o entity1_brush65
usemtl __TB_empty
f  1265/309/1  1266/233/1  1267/775/1  1268/873/1
usemtl __TB_empty
f  1269/799/2  1267/800/2  1266/325/2  1270/311/2
usemtl __TB_empty
f  1270/315/3  1266/639/3  1265/749/3  1271/316/3
usemtl __TB_empty
f  1272/316/4  1268/749/4  1267/639/4  1269/315/4
usemtl __TB_empty
f  1271/311/5  1265/325/5  1268/800/5  1272/799/5
usemtl __TB_empty
f  1272/873/6  1269/775/6  1270/233/6  1271/309/6

o entity1_brush66
usemtl __TB_empty
f  1273/874/1  1274/764/1  1275/255/1  1276/875/1
usemtl __TB_empty
f  1277/860/2  1275/861/2  1274/767/2  1278/766/2
usemtl __TB_empty
f  1278/522/3  1274/315/3  1273/316/3  1279/752/3
usemtl __TB_empty
f  1280/752/4  1276/316/4  1275/315/4  1277/522/4
usemtl __TB_empty
f  1279/766/5  1273/767/5  1276/861/5  1280/860/5
usemtl __TB_empty
f  1280/875/6  1277/255/6  1278/764/6  1279/874/6

o entity1_brush67
usemtl __TB_empty
f  1281/872/1  1282/250/1  1283/239/1  1284/876/1
usemtl __TB_empty
f  1285/868/2  1283/869/2  1282/788/2  1286/787/2
usemtl __TB_empty
f  1286/577/3  1282/512/3  1281/759/3  1287/726/3
usemtl __TB_empty
f  1288/726/4  1284/759/4  1283/512/4  1285/577/4
usemtl __TB_empty
f  1287/787/5  1281/788/5  1284/869/5  1288/868/5
usemtl __TB_empty
f  1288/876/6  1285/239/6  1286/250/6  1287/872/6

o entity1_brush68
usemtl __TB_empty
f  1289/792/1  1290/877/1  1291/878/1  1292/879/1
usemtl __TB_empty
f  1293/880/2  1291/881/2  1290/794/2  1294/793/2
usemtl __TB_empty
f  1294/688/3  1290/870/3  1289/578/3  1295/579/3
usemtl __TB_empty
f  1296/579/4  1292/578/4  1291/870/4  1293/688/4
usemtl __TB_empty
f  1295/793/5  1289/794/5  1292/881/5  1296/880/5
usemtl __TB_empty
f  1296/879/6  1293/878/6  1294/877/6  1295/792/6

o entity1_brush69
usemtl __TB_empty
f  1297/873/1  1298/775/1  1299/791/1  1300/882/1
usemtl __TB_empty
f  1301/883/2  1299/884/2  1298/778/2  1302/777/2
usemtl __TB_empty
f  1302/513/3  1298/521/3  1297/756/3  1303/757/3
usemtl __TB_empty
f  1304/757/4  1300/756/4  1299/521/4  1301/513/4
usemtl __TB_empty
f  1303/777/5  1297/778/5  1300/884/5  1304/883/5
usemtl __TB_empty
f  1304/882/6  1301/791/6  1302/775/6  1303/873/6

o entity1_brush70
usemtl __TB_empty
f  1305/781/1  1306/859/1  1307/885/1  1308/886/1
usemtl __TB_empty
f  1309/887/2  1307/888/2  1306/783/2  1310/782/2
usemtl __TB_empty
f  1310/758/3  1306/746/3  1305/514/3  1311/515/3
usemtl __TB_empty
f  1312/515/4  1308/514/4  1307/746/4  1309/758/4
usemtl __TB_empty
f  1311/782/5  1305/783/5  1308/888/5  1312/887/5
usemtl __TB_empty
f  1312/886/6  1309/885/6  1310/859/6  1311/781/6

o entity1_brush71
usemtl __TB_empty
f  1313/875/1  1314/255/1  1315/674/1  1316/526/1
usemtl __TB_empty
f  1317/887/2  1315/888/2  1314/783/2  1318/782/2
usemtl __TB_empty
f  1318/512/3  1314/513/3  1313/757/3  1319/759/3
usemtl __TB_empty
f  1320/759/4  1316/757/4  1315/513/4  1317/512/4
usemtl __TB_empty
f  1319/782/5  1313/783/5  1316/888/5  1320/887/5
usemtl __TB_empty
f  1320/526/6  1317/674/6  1318/255/6  1319/875/6

o entity1_brush72
usemtl __TB_empty
f  1321/776/1  1322/798/1  1323/877/1  1324/792/1
usemtl __TB_empty
f  1325/883/2  1323/884/2  1322/778/2  1326/777/2
usemtl __TB_empty
f  1326/746/3  1322/742/3  1321/524/3  1327/514/3
usemtl __TB_empty
f  1328/514/4  1324/524/4  1323/742/4  1325/746/4
usemtl __TB_empty
f  1327/777/5  1321/778/5  1324/884/5  1328/883/5
usemtl __TB_empty
f  1328/792/6  1325/877/6  1326/798/6  1327/776/6

o entity1_brush73
usemtl __TB_empty
f  1329/889/1  1330/763/1  1331/235/1  1332/871/1
usemtl __TB_empty
f  1333/806/2  1331/807/2  1330/808/2  1334/809/2
usemtl __TB_empty
f  1334/639/3  1330/302/3  1329/755/3  1335/749/3
usemtl __TB_empty
f  1336/749/4  1332/755/4  1331/302/4  1333/639/4
usemtl __TB_empty
f  1335/809/5  1329/808/5  1332/807/5  1336/806/5
usemtl __TB_empty
f  1336/871/6  1333/235/6  1334/763/6  1335/889/6

o entity1_brush74
usemtl __TB_empty
f  1337/882/1  1338/791/1  1339/890/1  1340/891/1
usemtl __TB_empty
f  1341/880/2  1339/881/2  1338/794/2  1342/793/2
usemtl __TB_empty
f  1342/576/3  1338/577/3  1337/726/3  1343/679/3
usemtl __TB_empty
f  1344/679/4  1340/726/4  1339/577/4  1341/576/4
usemtl __TB_empty
f  1343/793/5  1337/794/5  1340/881/5  1344/880/5
usemtl __TB_empty
f  1344/891/6  1341/890/6  1342/791/6  1343/882/6

o entity1_brush75
usemtl __TB_empty
f  1345/588/1  1346/739/1  1347/892/1  1348/893/1
usemtl __TB_empty
f  1349/578/2  1347/515/2  1346/590/2  1350/589/2
usemtl __TB_empty
f  1350/870/3  1346/758/3  1345/515/3  1351/578/3
usemtl __TB_empty
f  1352/578/4  1348/515/4  1347/758/4  1349/870/4
usemtl __TB_empty
f  1351/589/5  1345/590/5  1348/515/5  1352/578/5
usemtl __TB_empty
f  1352/893/6  1349/892/6  1350/739/6  1351/588/6

o entity1_brush76
usemtl __TB_empty
f  1353/571/1  1354/743/1  1355/894/1  1356/895/1
usemtl __TB_empty
f  1357/725/2  1355/625/2  1354/573/2  1358/572/2
usemtl __TB_empty
f  1358/688/3  1354/870/3  1353/578/3  1359/579/3
usemtl __TB_empty
f  1360/579/4  1356/578/4  1355/870/4  1357/688/4
usemtl __TB_empty
f  1359/572/5  1353/573/5  1356/625/5  1360/725/5
usemtl __TB_empty
f  1360/895/6  1357/894/6  1358/743/6  1359/571/6

o entity1_brush77
usemtl __TB_empty
f  1361/896/1  1362/897/1  1363/641/1  1364/640/1
usemtl __TB_empty
f  1365/709/2  1363/708/2  1362/898/2  1366/899/2
usemtl __TB_empty
f  1366/822/3  1362/714/3  1361/715/3  1367/823/3
usemtl __TB_empty
f  1368/823/4  1364/715/4  1363/714/4  1365/822/4
usemtl __TB_empty
f  1367/899/5  1361/898/5  1364/708/5  1368/709/5
usemtl __TB_empty
f  1368/640/6  1365/641/6  1366/897/6  1367/896/6

o entity1_brush78
usemtl __TB_empty
f  1369/900/1  1370/901/1  1371/711/1  1372/710/1
usemtl __TB_empty
f  1373/902/2  1371/903/2  1370/822/2  1374/846/2
usemtl __TB_empty
f  1374/846/3  1370/822/3  1369/823/3  1375/847/3
usemtl __TB_empty
f  1376/847/4  1372/823/4  1371/822/4  1373/846/4
usemtl __TB_empty
f  1375/846/5  1369/822/5  1372/903/5  1376/902/5
usemtl __TB_empty
f  1376/710/6  1373/711/6  1374/901/6  1375/900/6

o entity1_brush79
usemtl __TB_empty
f  1377/904/1  1378/905/1  1379/901/1  1380/900/1
usemtl __TB_empty
f  1381/838/2  1379/839/2  1378/906/2  1382/907/2
usemtl __TB_empty
f  1382/838/3  1378/839/3  1377/840/3  1383/841/3
usemtl __TB_empty
f  1384/841/4  1380/840/4  1379/839/4  1381/838/4
usemtl __TB_empty
f  1383/907/5  1377/906/5  1380/839/5  1384/838/5
usemtl __TB_empty
f  1384/900/6  1381/901/6  1382/905/6  1383/904/6

o entity1_brush80
usemtl __TB_empty
f  1385/507/1  1386/735/1  1387/908/1  1388/909/1
usemtl __TB_empty
f  1389/758/2  1387/746/2  1386/509/2  1390/508/2
usemtl __TB_empty
f  1390/758/3  1386/746/3  1385/514/3  1391/515/3
usemtl __TB_empty
f  1392/515/4  1388/514/4  1387/746/4  1389/758/4
usemtl __TB_empty
f  1391/508/5  1385/509/5  1388/746/5  1392/758/5
usemtl __TB_empty
f  1392/909/6  1389/908/6  1390/735/6  1391/507/6

o entity1_brush81
usemtl __TB_empty
f  1393/910/1  1394/911/1  1395/897/1  1396/896/1
usemtl __TB_empty
f  1397/912/2  1395/913/2  1394/914/2  1398/915/2
usemtl __TB_empty
f  1398/839/3  1394/846/3  1393/847/3  1399/840/3
usemtl __TB_empty
f  1400/840/4  1396/847/4  1395/846/4  1397/839/4
usemtl __TB_empty
f  1399/915/5  1393/914/5  1396/913/5  1400/912/5
usemtl __TB_empty
f  1400/896/6  1397/897/6  1398/911/6  1399/910/6

o entity1_brush82
usemtl __TB_empty
f  1401/323/1  1402/232/1  1403/763/1  1404/762/1
usemtl __TB_empty
f  1405/809/2  1403/808/2  1402/327/2  1406/328/2
usemtl __TB_empty
f  1406/639/3  1402/302/3  1401/330/3  1407/329/3
usemtl __TB_empty
f  1408/329/4  1404/330/4  1403/302/4  1405/639/4
usemtl __TB_empty
f  1407/328/5  1401/327/5  1404/808/5  1408/809/5
usemtl __TB_empty
f  1408/762/6  1405/763/6  1406/232/6  1407/323/6

o entity1_brush83
usemtl __TB_empty
f  1409/916/1  1410/917/1  1411/699/1  1412/698/1
usemtl __TB_empty
f  1413/918/2  1411/919/2  1410/913/2  1414/912/2
usemtl __TB_empty
f  1414/578/3  1410/515/3  1409/624/3  1415/625/3
usemtl __TB_empty
f  1416/625/4  1412/624/4  1411/515/4  1413/578/4
usemtl __TB_empty
f  1415/912/5  1409/913/5  1412/919/5  1416/918/5
usemtl __TB_empty
f  1416/698/6  1413/699/6  1414/917/6  1415/916/6

o entity1_brush84
usemtl __TB_empty
f  1417/920/1  1418/921/1  1419/600/1  1420/599/1
usemtl __TB_empty
f  1421/922/2  1419/923/2  1418/903/2  1422/902/2
usemtl __TB_empty
f  1422/515/3  1418/514/3  1417/569/3  1423/624/3
usemtl __TB_empty
f  1424/624/4  1420/569/4  1419/514/4  1421/515/4
usemtl __TB_empty
f  1423/902/5  1417/903/5  1420/923/5  1424/922/5
usemtl __TB_empty
f  1424/599/6  1421/600/6  1422/921/6  1423/920/6

o entity1_brush85
usemtl __TB_empty
f  1425/924/1  1426/925/1  1427/705/1  1428/704/1
usemtl __TB_empty
f  1429/926/2  1427/927/2  1426/839/2  1430/838/2
usemtl __TB_empty
f  1430/579/3  1426/578/3  1425/625/3  1431/725/3
usemtl __TB_empty
f  1432/725/4  1428/625/4  1427/578/4  1429/579/4
usemtl __TB_empty
f  1431/838/5  1425/839/5  1428/927/5  1432/926/5
usemtl __TB_empty
f  1432/704/6  1429/705/6  1430/925/6  1431/924/6

